cluster_id,sample_count,entity_count,domain_count,platform_count,time_span_days,suspicious_share,promotional_share,text_risk_mean,entity_density,graph_score,cluster_priority_seed_score,top_reasons
C295,318,68,21,6,477,0.867925,0.537736,0.708229,0.213836,1.0,0.865906,high text promotion signal; cross-platform recurrence; multiple masked domains; multi-entity evidence
C164,5,2,1,2,337,0.8,0.0,0.653202,0.4,0.442114,0.628558,high text promotion signal; public-report channel overlap
C162,2,1,0,2,49,1.0,1.0,0.740569,0.5,0.278943,0.615736,high text promotion signal; public-report channel overlap
C221,2,1,0,2,36,1.0,1.0,0.727769,0.5,0.278943,0.604628,high text promotion signal; public-report channel overlap
C269,2,1,0,1,30,1.0,1.0,0.766292,0.5,0.278943,0.585496,high text promotion signal; public-report channel overlap
C074,1,1,0,1,0,1.0,1.0,0.783017,1.0,0.278943,0.576517,high text promotion signal; public-report channel overlap
C243,1,1,0,1,0,1.0,1.0,0.727769,1.0,0.278943,0.556628,high text promotion signal; public-report channel overlap
C013,1,0,0,1,0,1.0,0.0,0.724455,0.0,0.0,0.510804,high text promotion signal; public-report channel overlap
C028,1,0,0,1,0,1.0,0.0,0.724455,0.0,0.0,0.510804,high text promotion signal; public-report channel overlap
C202,1,0,0,1,0,1.0,0.0,0.724455,0.0,0.0,0.510804,high text promotion signal; public-report channel overlap
C137,1,0,0,1,0,1.0,0.0,0.724455,0.0,0.0,0.510804,high text promotion signal; public-report channel overlap
C165,1,0,0,1,0,1.0,0.0,0.724455,0.0,0.0,0.510804,high text promotion signal; public-report channel overlap
C107,1,0,0,1,0,1.0,0.0,0.724455,0.0,0.0,0.510804,high text promotion signal; public-report channel overlap
C022,1,0,0,1,0,1.0,0.0,0.724455,0.0,0.0,0.510804,high text promotion signal; public-report channel overlap
C268,1,0,0,1,0,1.0,0.0,0.724455,0.0,0.0,0.510804,high text promotion signal; public-report channel overlap
C277,1,0,0,1,0,1.0,0.0,0.724455,0.0,0.0,0.510804,high text promotion signal; public-report channel overlap
C020,1,0,0,1,0,1.0,0.0,0.724455,0.0,0.0,0.510804,high text promotion signal; public-report channel overlap
C177,1,0,0,1,0,1.0,0.0,0.724455,0.0,0.0,0.510804,high text promotion signal; public-report channel overlap
C017,1,0,0,1,0,1.0,0.0,0.697059,0.0,0.0,0.500941,high text promotion signal
C286,1,0,0,1,0,1.0,0.0,0.697059,0.0,0.0,0.500941,high text promotion signal
C040,1,0,0,1,0,1.0,0.0,0.645656,0.0,0.0,0.482436,public-report channel overlap
C050,1,0,0,1,0,1.0,0.0,0.645656,0.0,0.0,0.482436,public-report channel overlap
C100,1,0,0,1,0,1.0,0.0,0.645656,0.0,0.0,0.482436,public-report channel overlap
C081,1,0,0,1,0,1.0,0.0,0.645656,0.0,0.0,0.482436,public-report channel overlap
C063,1,0,0,1,0,1.0,0.0,0.645656,0.0,0.0,0.482436,public-report channel overlap
C229,1,0,0,1,0,1.0,0.0,0.645656,0.0,0.0,0.482436,public-report channel overlap
C103,1,0,0,1,0,1.0,0.0,0.645656,0.0,0.0,0.482436,public-report channel overlap
C034,1,0,0,1,0,1.0,0.0,0.645656,0.0,0.0,0.482436,public-report channel overlap
C238,1,0,0,1,0,1.0,0.0,0.637994,0.0,0.0,0.479678,public-report channel overlap
C061,1,0,0,1,0,1.0,0.0,0.637994,0.0,0.0,0.479678,public-report channel overlap
C089,1,0,0,1,0,1.0,0.0,0.637994,0.0,0.0,0.479678,public-report channel overlap
C072,1,0,0,1,0,1.0,0.0,0.637994,0.0,0.0,0.479678,public-report channel overlap
C256,1,0,0,1,0,1.0,0.0,0.637994,0.0,0.0,0.479678,public-report channel overlap
C155,1,0,0,1,0,1.0,0.0,0.637994,0.0,0.0,0.479678,public-report channel overlap
C161,1,0,0,1,0,1.0,0.0,0.637994,0.0,0.0,0.479678,public-report channel overlap
C127,1,0,0,1,0,1.0,0.0,0.637994,0.0,0.0,0.479678,public-report channel overlap
C203,1,0,0,1,0,1.0,0.0,0.637994,0.0,0.0,0.479678,public-report channel overlap
C211,1,0,0,1,0,1.0,0.0,0.637994,0.0,0.0,0.479678,public-report channel overlap
C110,1,0,0,1,0,1.0,0.0,0.637994,0.0,0.0,0.479678,public-report channel overlap
C158,1,0,0,1,0,1.0,0.0,0.637994,0.0,0.0,0.479678,public-report channel overlap
C139,1,0,0,1,0,1.0,0.0,0.637994,0.0,0.0,0.479678,public-report channel overlap
C010,1,0,0,1,0,1.0,0.0,0.637994,0.0,0.0,0.479678,public-report channel overlap
C115,1,0,0,1,0,1.0,0.0,0.637994,0.0,0.0,0.479678,public-report channel overlap
C113,1,0,0,1,0,1.0,0.0,0.637994,0.0,0.0,0.479678,public-report channel overlap
C032,1,0,0,1,0,1.0,0.0,0.637994,0.0,0.0,0.479678,public-report channel overlap
C231,1,0,0,1,0,1.0,0.0,0.637994,0.0,0.0,0.479678,public-report channel overlap
C267,1,0,0,1,0,1.0,0.0,0.637994,0.0,0.0,0.479678,public-report channel overlap
C003,1,0,0,1,0,1.0,0.0,0.614594,0.0,0.0,0.471254,low-confidence review candidate
C257,1,0,0,1,0,1.0,0.0,0.614594,0.0,0.0,0.471254,low-confidence review candidate
C150,1,0,0,1,0,1.0,0.0,0.614594,0.0,0.0,0.471254,low-confidence review candidate
C275,1,0,0,1,0,1.0,0.0,0.614594,0.0,0.0,0.471254,low-confidence review candidate
C287,1,0,0,1,0,1.0,0.0,0.614594,0.0,0.0,0.471254,low-confidence review candidate
C131,1,0,0,1,0,1.0,0.0,0.606669,0.0,0.0,0.468401,low-confidence review candidate
C058,1,0,0,1,0,1.0,0.0,0.606669,0.0,0.0,0.468401,low-confidence review candidate
C027,1,0,0,1,0,1.0,0.0,0.606669,0.0,0.0,0.468401,low-confidence review candidate
C207,1,0,0,1,0,1.0,0.0,0.606669,0.0,0.0,0.468401,low-confidence review candidate
C294,1,0,0,1,0,1.0,0.0,0.606669,0.0,0.0,0.468401,low-confidence review candidate
C196,1,0,0,1,0,1.0,0.0,0.606669,0.0,0.0,0.468401,low-confidence review candidate
C254,1,0,0,1,0,0.0,0.0,0.508333,0.0,0.0,0.213,public-report channel overlap
C259,1,0,0,1,0,0.0,0.0,0.508333,0.0,0.0,0.213,public-report channel overlap
C041,1,0,0,1,0,0.0,0.0,0.508333,0.0,0.0,0.213,public-report channel overlap
C077,1,0,0,1,0,0.0,0.0,0.508333,0.0,0.0,0.213,public-report channel overlap
C076,1,0,0,1,0,0.0,0.0,0.508333,0.0,0.0,0.213,public-report channel overlap
C080,1,0,0,1,0,0.0,0.0,0.508333,0.0,0.0,0.213,public-report channel overlap
C092,1,0,0,1,0,0.0,0.0,0.508333,0.0,0.0,0.213,public-report channel overlap
C214,1,0,0,1,0,0.0,0.0,0.508333,0.0,0.0,0.213,public-report channel overlap
C007,1,0,0,1,0,0.0,0.0,0.508333,0.0,0.0,0.213,public-report channel overlap
C015,1,0,0,1,0,0.0,0.0,0.508333,0.0,0.0,0.213,public-report channel overlap
C006,1,0,0,1,0,0.0,0.0,0.508333,0.0,0.0,0.213,public-report channel overlap
C283,1,0,0,1,0,0.0,0.0,0.508333,0.0,0.0,0.213,public-report channel overlap
C068,1,0,0,1,0,0.0,0.0,0.508333,0.0,0.0,0.213,public-report channel overlap
C001,1,0,0,1,0,0.0,0.0,0.508333,0.0,0.0,0.213,public-report channel overlap
C250,1,0,0,1,0,0.0,0.0,0.508333,0.0,0.0,0.213,public-report channel overlap
C197,1,0,0,1,0,0.0,0.0,0.508333,0.0,0.0,0.213,public-report channel overlap
C175,1,0,0,1,0,0.0,0.0,0.508333,0.0,0.0,0.213,public-report channel overlap
C176,1,0,0,1,0,0.0,0.0,0.508333,0.0,0.0,0.213,public-report channel overlap
C016,1,0,0,1,0,0.0,0.0,0.508333,0.0,0.0,0.213,public-report channel overlap
C021,1,0,0,1,0,0.0,0.0,0.508333,0.0,0.0,0.213,public-report channel overlap
C262,1,0,0,1,0,0.0,0.0,0.508333,0.0,0.0,0.213,public-report channel overlap
C272,1,0,0,1,0,0.0,0.0,0.508333,0.0,0.0,0.213,public-report channel overlap
C280,1,0,0,1,0,0.0,0.0,0.508333,0.0,0.0,0.213,public-report channel overlap
C157,1,0,0,1,0,0.0,0.0,0.508333,0.0,0.0,0.213,public-report channel overlap
C224,1,0,0,1,0,0.0,0.0,0.508333,0.0,0.0,0.213,public-report channel overlap
C118,1,0,0,1,0,0.0,0.0,0.508333,0.0,0.0,0.213,public-report channel overlap
C213,1,0,0,1,0,0.0,0.0,0.508333,0.0,0.0,0.213,public-report channel overlap
C111,1,0,0,1,0,0.0,0.0,0.508333,0.0,0.0,0.213,public-report channel overlap
C285,1,0,0,1,0,0.0,0.0,0.508333,0.0,0.0,0.213,public-report channel overlap
C109,1,0,0,1,0,0.0,0.0,0.508333,0.0,0.0,0.213,public-report channel overlap
C160,1,0,0,1,0,0.0,0.0,0.508333,0.0,0.0,0.213,public-report channel overlap
C123,1,0,0,1,0,0.0,0.0,0.508333,0.0,0.0,0.213,public-report channel overlap
C142,1,0,0,1,0,0.0,0.0,0.508333,0.0,0.0,0.213,public-report channel overlap
C183,1,0,0,1,0,0.0,0.0,0.475021,0.0,0.0,0.201008,public-report channel overlap
C033,1,0,0,1,0,0.0,0.0,0.475021,0.0,0.0,0.201008,public-report channel overlap
C031,1,0,0,1,0,0.0,0.0,0.475021,0.0,0.0,0.201008,public-report channel overlap
C141,1,0,0,1,0,0.0,0.0,0.475021,0.0,0.0,0.201008,public-report channel overlap
C184,1,0,0,1,0,0.0,0.0,0.475021,0.0,0.0,0.201008,public-report channel overlap
C083,1,0,0,1,0,0.0,0.0,0.475021,0.0,0.0,0.201008,low-confidence review candidate
C002,1,0,0,1,0,0.0,0.0,0.475021,0.0,0.0,0.201008,public-report channel overlap
C261,1,0,0,1,0,0.0,0.0,0.475021,0.0,0.0,0.201008,public-report channel overlap
C251,1,0,0,1,0,0.0,0.0,0.475021,0.0,0.0,0.201008,public-report channel overlap
C252,1,0,0,1,0,0.0,0.0,0.475021,0.0,0.0,0.201008,public-report channel overlap
C247,1,0,0,1,0,0.0,0.0,0.475021,0.0,0.0,0.201008,public-report channel overlap
C266,1,0,0,1,0,0.0,0.0,0.475021,0.0,0.0,0.201008,public-report channel overlap
C290,1,0,0,1,0,0.0,0.0,0.475021,0.0,0.0,0.201008,public-report channel overlap
C273,1,0,0,1,0,0.0,0.0,0.475021,0.0,0.0,0.201008,public-report channel overlap
C039,1,0,0,1,0,0.0,0.0,0.475021,0.0,0.0,0.201008,public-report channel overlap
C038,1,0,0,1,0,0.0,0.0,0.475021,0.0,0.0,0.201008,public-report channel overlap
C094,1,0,0,1,0,0.0,0.0,0.475021,0.0,0.0,0.201008,public-report channel overlap
C095,1,0,0,1,0,0.0,0.0,0.475021,0.0,0.0,0.201008,public-report channel overlap
C087,1,0,0,1,0,0.0,0.0,0.475021,0.0,0.0,0.201008,public-report channel overlap
C075,1,0,0,1,0,0.0,0.0,0.475021,0.0,0.0,0.201008,public-report channel overlap
C073,1,0,0,1,0,0.0,0.0,0.475021,0.0,0.0,0.201008,public-report channel overlap
C070,1,0,0,1,0,0.0,0.0,0.475021,0.0,0.0,0.201008,public-report channel overlap
C060,1,0,0,1,0,0.0,0.0,0.475021,0.0,0.0,0.201008,low-confidence review candidate
C049,1,0,0,1,0,0.0,0.0,0.475021,0.0,0.0,0.201008,low-confidence review candidate
C048,1,0,0,1,0,0.0,0.0,0.475021,0.0,0.0,0.201008,public-report channel overlap
C249,1,0,0,1,0,0.0,0.0,0.475021,0.0,0.0,0.201008,public-report channel overlap
C246,1,0,0,1,0,0.0,0.0,0.475021,0.0,0.0,0.201008,public-report channel overlap
C245,1,0,0,1,0,0.0,0.0,0.475021,0.0,0.0,0.201008,public-report channel overlap
C241,1,0,0,1,0,0.0,0.0,0.475021,0.0,0.0,0.201008,public-report channel overlap
C239,1,0,0,1,0,0.0,0.0,0.475021,0.0,0.0,0.201008,public-report channel overlap
C055,1,0,0,1,0,0.0,0.0,0.475021,0.0,0.0,0.201008,public-report channel overlap
C232,1,0,0,1,0,0.0,0.0,0.475021,0.0,0.0,0.201008,public-report channel overlap
C244,1,0,0,1,0,0.0,0.0,0.475021,0.0,0.0,0.201008,public-report channel overlap
C237,1,0,0,1,0,0.0,0.0,0.475021,0.0,0.0,0.201008,public-report channel overlap
C101,1,0,0,1,0,0.0,0.0,0.475021,0.0,0.0,0.201008,public-report channel overlap
C088,1,0,0,1,0,0.0,0.0,0.475021,0.0,0.0,0.201008,public-report channel overlap
C093,1,0,0,1,0,0.0,0.0,0.475021,0.0,0.0,0.201008,public-report channel overlap
C225,1,0,0,1,0,0.0,0.0,0.475021,0.0,0.0,0.201008,public-report channel overlap
C019,1,0,0,1,0,0.0,0.0,0.475021,0.0,0.0,0.201008,public-report channel overlap
C009,1,0,0,1,0,0.0,0.0,0.475021,0.0,0.0,0.201008,public-report channel overlap
C029,1,0,0,1,0,0.0,0.0,0.475021,0.0,0.0,0.201008,public-report channel overlap
C018,1,0,0,1,0,0.0,0.0,0.475021,0.0,0.0,0.201008,low-confidence review candidate
C012,1,0,0,1,0,0.0,0.0,0.475021,0.0,0.0,0.201008,public-report channel overlap
C025,1,0,0,1,0,0.0,0.0,0.475021,0.0,0.0,0.201008,public-report channel overlap
C037,1,0,0,1,0,0.0,0.0,0.475021,0.0,0.0,0.201008,public-report channel overlap
C170,1,0,0,1,0,0.0,0.0,0.475021,0.0,0.0,0.201008,public-report channel overlap
C288,1,0,0,1,0,0.0,0.0,0.475021,0.0,0.0,0.201008,public-report channel overlap
C181,1,0,0,1,0,0.0,0.0,0.475021,0.0,0.0,0.201008,public-report channel overlap
C185,1,0,0,1,0,0.0,0.0,0.475021,0.0,0.0,0.201008,public-report channel overlap
C178,1,0,0,1,0,0.0,0.0,0.475021,0.0,0.0,0.201008,public-report channel overlap
C124,1,0,0,1,0,0.0,0.0,0.475021,0.0,0.0,0.201008,public-report channel overlap
C152,1,0,0,1,0,0.0,0.0,0.475021,0.0,0.0,0.201008,public-report channel overlap
C151,1,0,0,1,0,0.0,0.0,0.475021,0.0,0.0,0.201008,public-report channel overlap
C146,1,0,0,1,0,0.0,0.0,0.475021,0.0,0.0,0.201008,public-report channel overlap
C133,1,0,0,1,0,0.0,0.0,0.475021,0.0,0.0,0.201008,public-report channel overlap
C210,1,0,0,1,0,0.0,0.0,0.475021,0.0,0.0,0.201008,low-confidence review candidate
C218,1,0,0,1,0,0.0,0.0,0.475021,0.0,0.0,0.201008,public-report channel overlap
C209,1,0,0,1,0,0.0,0.0,0.475021,0.0,0.0,0.201008,public-report channel overlap
C217,1,0,0,1,0,0.0,0.0,0.475021,0.0,0.0,0.201008,public-report channel overlap
C226,1,0,0,1,0,0.0,0.0,0.475021,0.0,0.0,0.201008,public-report channel overlap
C200,1,0,0,1,0,0.0,0.0,0.475021,0.0,0.0,0.201008,public-report channel overlap
C199,1,0,0,1,0,0.0,0.0,0.475021,0.0,0.0,0.201008,public-report channel overlap
C132,1,0,0,1,0,0.0,0.0,0.475021,0.0,0.0,0.201008,public-report channel overlap
C120,1,0,0,1,0,0.0,0.0,0.475021,0.0,0.0,0.201008,public-report channel overlap
C153,1,0,0,1,0,0.0,0.0,0.475021,0.0,0.0,0.201008,public-report channel overlap
C156,1,0,0,1,0,0.0,0.0,0.475021,0.0,0.0,0.201008,public-report channel overlap
C206,1,0,0,1,0,0.0,0.0,0.475021,0.0,0.0,0.201008,public-report channel overlap
C228,1,0,0,1,0,0.0,0.0,0.475021,0.0,0.0,0.201008,public-report channel overlap
C227,1,0,0,1,0,0.0,0.0,0.475021,0.0,0.0,0.201008,public-report channel overlap
C180,1,0,0,1,0,0.0,0.0,0.475021,0.0,0.0,0.201008,public-report channel overlap
C168,1,0,0,1,0,0.0,0.0,0.475021,0.0,0.0,0.201008,public-report channel overlap
C278,1,0,0,1,0,0.0,0.0,0.475021,0.0,0.0,0.201008,public-report channel overlap
C281,1,0,0,1,0,0.0,0.0,0.475021,0.0,0.0,0.201008,public-report channel overlap
C043,1,0,0,1,0,0.0,0.0,0.450166,0.0,0.0,0.19206,public-report channel overlap
C240,1,0,0,1,0,0.0,0.0,0.450166,0.0,0.0,0.19206,public-report channel overlap
C233,1,0,0,1,0,0.0,0.0,0.450166,0.0,0.0,0.19206,public-report channel overlap
C062,1,0,0,1,0,0.0,0.0,0.450166,0.0,0.0,0.19206,public-report channel overlap
C067,1,0,0,1,0,0.0,0.0,0.450166,0.0,0.0,0.19206,public-report channel overlap
C071,1,0,0,1,0,0.0,0.0,0.450166,0.0,0.0,0.19206,public-report channel overlap
C044,1,0,0,1,0,0.0,0.0,0.450166,0.0,0.0,0.19206,public-report channel overlap
C042,1,0,0,1,0,0.0,0.0,0.450166,0.0,0.0,0.19206,public-report channel overlap
C212,1,0,0,1,0,0.0,0.0,0.450166,0.0,0.0,0.19206,public-report channel overlap
C204,1,0,0,1,0,0.0,0.0,0.450166,0.0,0.0,0.19206,public-report channel overlap
C201,1,0,0,1,0,0.0,0.0,0.450166,0.0,0.0,0.19206,public-report channel overlap
C215,1,0,0,1,0,0.0,0.0,0.450166,0.0,0.0,0.19206,public-report channel overlap
C205,1,0,0,1,0,0.0,0.0,0.450166,0.0,0.0,0.19206,public-report channel overlap
C138,1,0,0,1,0,0.0,0.0,0.450166,0.0,0.0,0.19206,public-report channel overlap
C134,1,0,0,1,0,0.0,0.0,0.450166,0.0,0.0,0.19206,public-report channel overlap
C147,1,0,0,1,0,0.0,0.0,0.450166,0.0,0.0,0.19206,public-report channel overlap
C163,1,0,0,1,0,0.0,0.0,0.450166,0.0,0.0,0.19206,public-report channel overlap
C104,1,0,0,1,0,0.0,0.0,0.450166,0.0,0.0,0.19206,public-report channel overlap
C114,1,0,0,1,0,0.0,0.0,0.450166,0.0,0.0,0.19206,public-report channel overlap
C129,1,0,0,1,0,0.0,0.0,0.450166,0.0,0.0,0.19206,public-report channel overlap
C187,1,0,0,1,0,0.0,0.0,0.450166,0.0,0.0,0.19206,public-report channel overlap
C284,1,0,0,1,0,0.0,0.0,0.450166,0.0,0.0,0.19206,public-report channel overlap
C171,1,0,0,1,0,0.0,0.0,0.450166,0.0,0.0,0.19206,public-report channel overlap
C172,1,0,0,1,0,0.0,0.0,0.450166,0.0,0.0,0.19206,public-report channel overlap
C169,1,0,0,1,0,0.0,0.0,0.450166,0.0,0.0,0.19206,public-report channel overlap
C188,1,0,0,1,0,0.0,0.0,0.450166,0.0,0.0,0.19206,public-report channel overlap
C276,1,0,0,1,0,0.0,0.0,0.450166,0.0,0.0,0.19206,public-report channel overlap
C036,1,0,0,1,0,0.0,0.0,0.450166,0.0,0.0,0.19206,public-report channel overlap
C011,1,0,0,1,0,0.0,0.0,0.450166,0.0,0.0,0.19206,public-report channel overlap
C194,1,0,0,1,0,0.0,0.0,0.44193,0.0,0.0,0.189095,low-confidence review candidate
C144,1,0,0,1,0,0.0,0.0,0.44193,0.0,0.0,0.189095,low-confidence review candidate
C271,1,0,0,1,0,0.0,0.0,0.44193,0.0,0.0,0.189095,low-confidence review candidate
C189,1,0,0,1,0,0.0,0.0,0.44193,0.0,0.0,0.189095,low-confidence review candidate
C117,1,0,0,1,0,0.0,0.0,0.44193,0.0,0.0,0.189095,low-confidence review candidate
C121,1,0,0,1,0,0.0,0.0,0.44193,0.0,0.0,0.189095,low-confidence review candidate
C105,1,0,0,1,0,0.0,0.0,0.44193,0.0,0.0,0.189095,low-confidence review candidate
C045,1,0,0,1,0,0.0,0.0,0.44193,0.0,0.0,0.189095,low-confidence review candidate
C053,1,0,0,1,0,0.0,0.0,0.44193,0.0,0.0,0.189095,low-confidence review candidate
C220,1,0,0,1,0,0.0,0.0,0.44193,0.0,0.0,0.189095,low-confidence review candidate
C079,1,0,0,1,0,0.0,0.0,0.44193,0.0,0.0,0.189095,low-confidence review candidate
C112,1,0,0,1,0,0.0,0.0,0.44193,0.0,0.0,0.189095,low-confidence review candidate
C004,1,0,0,1,0,0.0,0.0,0.44193,0.0,0.0,0.189095,low-confidence review candidate
C056,1,0,0,1,0,0.0,0.0,0.44193,0.0,0.0,0.189095,low-confidence review candidate
C230,1,0,0,1,0,0.0,0.0,0.44193,0.0,0.0,0.189095,low-confidence review candidate
C035,1,0,0,1,0,0.0,0.0,0.41743,0.0,0.0,0.180275,public-report channel overlap
C030,1,0,0,1,0,0.0,0.0,0.41743,0.0,0.0,0.180275,public-report channel overlap
C026,1,0,0,1,0,0.0,0.0,0.41743,0.0,0.0,0.180275,public-report channel overlap
C024,1,0,0,1,0,0.0,0.0,0.41743,0.0,0.0,0.180275,public-report channel overlap
C279,1,0,0,1,0,0.0,0.0,0.41743,0.0,0.0,0.180275,public-report channel overlap
C274,1,0,0,1,0,0.0,0.0,0.41743,0.0,0.0,0.180275,public-report channel overlap
C282,1,0,0,1,0,0.0,0.0,0.41743,0.0,0.0,0.180275,low-confidence review candidate
C289,1,0,0,1,0,0.0,0.0,0.41743,0.0,0.0,0.180275,low-confidence review candidate
C136,1,0,0,1,0,0.0,0.0,0.41743,0.0,0.0,0.180275,public-report channel overlap
C192,1,0,0,1,0,0.0,0.0,0.41743,0.0,0.0,0.180275,public-report channel overlap
C167,1,0,0,1,0,0.0,0.0,0.41743,0.0,0.0,0.180275,public-report channel overlap
C179,1,0,0,1,0,0.0,0.0,0.41743,0.0,0.0,0.180275,public-report channel overlap
C190,1,0,0,1,0,0.0,0.0,0.41743,0.0,0.0,0.180275,low-confidence review candidate
C263,1,0,0,1,0,0.0,0.0,0.41743,0.0,0.0,0.180275,public-report channel overlap
C270,1,0,0,1,0,0.0,0.0,0.41743,0.0,0.0,0.180275,public-report channel overlap
C264,1,0,0,1,0,0.0,0.0,0.41743,0.0,0.0,0.180275,public-report channel overlap
C166,1,0,0,1,0,0.0,0.0,0.41743,0.0,0.0,0.180275,public-report channel overlap
C291,1,0,0,1,0,0.0,0.0,0.41743,0.0,0.0,0.180275,public-report channel overlap
C292,1,0,0,1,0,0.0,0.0,0.41743,0.0,0.0,0.180275,low-confidence review candidate
C293,1,0,0,1,0,0.0,0.0,0.41743,0.0,0.0,0.180275,public-report channel overlap
C173,1,0,0,1,0,0.0,0.0,0.41743,0.0,0.0,0.180275,public-report channel overlap
C008,1,0,0,1,0,0.0,0.0,0.41743,0.0,0.0,0.180275,public-report channel overlap
C014,1,0,0,1,0,0.0,0.0,0.41743,0.0,0.0,0.180275,low-confidence review candidate
C023,1,0,0,1,0,0.0,0.0,0.41743,0.0,0.0,0.180275,public-report channel overlap
C242,1,0,0,1,0,0.0,0.0,0.41743,0.0,0.0,0.180275,public-report channel overlap
C248,1,0,0,1,0,0.0,0.0,0.41743,0.0,0.0,0.180275,public-report channel overlap
C066,1,0,0,1,0,0.0,0.0,0.41743,0.0,0.0,0.180275,public-report channel overlap
C145,1,0,0,1,0,0.0,0.0,0.41743,0.0,0.0,0.180275,public-report channel overlap
C195,1,0,0,1,0,0.0,0.0,0.41743,0.0,0.0,0.180275,low-confidence review candidate
C135,1,0,0,1,0,0.0,0.0,0.41743,0.0,0.0,0.180275,low-confidence review candidate
C140,1,0,0,1,0,0.0,0.0,0.41743,0.0,0.0,0.180275,public-report channel overlap
C143,1,0,0,1,0,0.0,0.0,0.41743,0.0,0.0,0.180275,public-report channel overlap
C186,1,0,0,1,0,0.0,0.0,0.41743,0.0,0.0,0.180275,public-report channel overlap
C182,1,0,0,1,0,0.0,0.0,0.41743,0.0,0.0,0.180275,public-report channel overlap
C191,1,0,0,1,0,0.0,0.0,0.41743,0.0,0.0,0.180275,public-report channel overlap
C102,1,0,0,1,0,0.0,0.0,0.41743,0.0,0.0,0.180275,low-confidence review candidate
C108,1,0,0,1,0,0.0,0.0,0.41743,0.0,0.0,0.180275,public-report channel overlap
C106,1,0,0,1,0,0.0,0.0,0.41743,0.0,0.0,0.180275,public-report channel overlap
C159,1,0,0,1,0,0.0,0.0,0.41743,0.0,0.0,0.180275,public-report channel overlap
C148,1,0,0,1,0,0.0,0.0,0.41743,0.0,0.0,0.180275,low-confidence review candidate
C085,1,0,0,1,0,0.0,0.0,0.41743,0.0,0.0,0.180275,public-report channel overlap
C126,1,0,0,1,0,0.0,0.0,0.41743,0.0,0.0,0.180275,public-report channel overlap
C208,1,0,0,1,0,0.0,0.0,0.41743,0.0,0.0,0.180275,public-report channel overlap
C128,1,0,0,1,0,0.0,0.0,0.41743,0.0,0.0,0.180275,public-report channel overlap
C222,1,0,0,1,0,0.0,0.0,0.41743,0.0,0.0,0.180275,public-report channel overlap
C216,1,0,0,1,0,0.0,0.0,0.41743,0.0,0.0,0.180275,public-report channel overlap
C223,1,0,0,1,0,0.0,0.0,0.41743,0.0,0.0,0.180275,public-report channel overlap
C198,1,0,0,1,0,0.0,0.0,0.41743,0.0,0.0,0.180275,public-report channel overlap
C078,1,0,0,1,0,0.0,0.0,0.41743,0.0,0.0,0.180275,public-report channel overlap
C084,1,0,0,1,0,0.0,0.0,0.41743,0.0,0.0,0.180275,public-report channel overlap
C099,1,0,0,1,0,0.0,0.0,0.41743,0.0,0.0,0.180275,low-confidence review candidate
C119,1,0,0,1,0,0.0,0.0,0.41743,0.0,0.0,0.180275,public-report channel overlap
C125,1,0,0,1,0,0.0,0.0,0.41743,0.0,0.0,0.180275,public-report channel overlap
C122,1,0,0,1,0,0.0,0.0,0.41743,0.0,0.0,0.180275,public-report channel overlap
C154,1,0,0,1,0,0.0,0.0,0.41743,0.0,0.0,0.180275,public-report channel overlap
C149,1,0,0,1,0,0.0,0.0,0.41743,0.0,0.0,0.180275,public-report channel overlap
C258,1,0,0,1,0,0.0,0.0,0.41743,0.0,0.0,0.180275,public-report channel overlap
C260,1,0,0,1,0,0.0,0.0,0.41743,0.0,0.0,0.180275,public-report channel overlap
C255,1,0,0,1,0,0.0,0.0,0.41743,0.0,0.0,0.180275,public-report channel overlap
C065,1,0,0,1,0,0.0,0.0,0.41743,0.0,0.0,0.180275,public-report channel overlap
C234,1,0,0,1,0,0.0,0.0,0.41743,0.0,0.0,0.180275,public-report channel overlap
C235,1,0,0,1,0,0.0,0.0,0.41743,0.0,0.0,0.180275,public-report channel overlap
C046,1,0,0,1,0,0.0,0.0,0.41743,0.0,0.0,0.180275,public-report channel overlap
C091,1,0,0,1,0,0.0,0.0,0.41743,0.0,0.0,0.180275,public-report channel overlap
C059,1,0,0,1,0,0.0,0.0,0.41743,0.0,0.0,0.180275,public-report channel overlap
C047,1,0,0,1,0,0.0,0.0,0.41743,0.0,0.0,0.180275,public-report channel overlap
C052,1,0,0,1,0,0.0,0.0,0.41743,0.0,0.0,0.180275,public-report channel overlap
C051,1,0,0,1,0,0.0,0.0,0.41743,0.0,0.0,0.180275,public-report channel overlap
C064,1,0,0,1,0,0.0,0.0,0.41743,0.0,0.0,0.180275,low-confidence review candidate
C057,1,0,0,1,0,0.0,0.0,0.41743,0.0,0.0,0.180275,low-confidence review candidate
C098,1,0,0,1,0,0.0,0.0,0.41743,0.0,0.0,0.180275,public-report channel overlap
C096,1,0,0,1,0,0.0,0.0,0.41743,0.0,0.0,0.180275,low-confidence review candidate
C005,1,0,0,1,0,0.0,0.0,0.41743,0.0,0.0,0.180275,public-report channel overlap
C296,1,0,0,1,0,0.0,0.0,0.41743,0.0,0.0,0.180275,public-report channel overlap
C236,1,0,0,1,0,0.0,0.0,0.41743,0.0,0.0,0.180275,public-report channel overlap
C253,1,0,0,1,0,0.0,0.0,0.41743,0.0,0.0,0.180275,public-report channel overlap
C069,1,0,0,1,0,0.0,0.0,0.41743,0.0,0.0,0.180275,public-report channel overlap
C193,1,0,0,1,0,0.0,0.0,0.385406,0.0,0.0,0.168746,low-confidence review candidate
C265,1,0,0,1,0,0.0,0.0,0.385406,0.0,0.0,0.168746,low-confidence review candidate
C174,1,0,0,1,0,0.0,0.0,0.385406,0.0,0.0,0.168746,low-confidence review candidate
C090,1,0,0,1,0,0.0,0.0,0.385406,0.0,0.0,0.168746,low-confidence review candidate
C086,1,0,0,1,0,0.0,0.0,0.385406,0.0,0.0,0.168746,low-confidence review candidate
C082,1,0,0,1,0,0.0,0.0,0.385406,0.0,0.0,0.168746,low-confidence review candidate
C219,1,0,0,1,0,0.0,0.0,0.385406,0.0,0.0,0.168746,low-confidence review candidate
C130,1,0,0,1,0,0.0,0.0,0.385406,0.0,0.0,0.168746,low-confidence review candidate
C116,1,0,0,1,0,0.0,0.0,0.385406,0.0,0.0,0.168746,low-confidence review candidate
C054,1,0,0,1,0,0.0,0.0,0.385406,0.0,0.0,0.168746,low-confidence review candidate
C097,1,0,0,1,0,0.0,0.0,0.385406,0.0,0.0,0.168746,low-confidence review candidate
