source,target,source_type,target_type,edge_type,weight
S:demo_0002,E:handle_91a959b096ff,sample,handle,mentions,1.0
S:demo_0002,E:payment_b93a877656b3,sample,payment,mentions,1.0
E:handle_91a959b096ff,E:payment_b93a877656b3,handle,payment,co_mentions,1.0
S:demo_0003,E:domain_b105264a114a,sample,domain,mentions,1.0
S:demo_0005,E:handle_c9429f2524f6,sample,handle,mentions,1.0
S:demo_0005,E:payment_204bf74f3466,sample,payment,mentions,1.0
E:handle_c9429f2524f6,E:payment_204bf74f3466,handle,payment,co_mentions,1.0
S:demo_0006,E:domain_99613c0930cf,sample,domain,mentions,1.0
S:demo_0006,E:handle_437f7456ac86,sample,handle,mentions,1.0
E:domain_99613c0930cf,E:handle_437f7456ac86,domain,handle,co_mentions,1.0
S:demo_0007,E:domain_672afcae779d,sample,domain,mentions,1.0
S:demo_0007,E:handle_7f0fbfb80438,sample,handle,mentions,1.0
S:demo_0007,E:phone_8171264967cc,sample,phone,mentions,1.0
E:domain_672afcae779d,E:handle_7f0fbfb80438,domain,handle,co_mentions,1.0
E:domain_672afcae779d,E:phone_8171264967cc,domain,phone,co_mentions,1.0
E:handle_7f0fbfb80438,E:phone_8171264967cc,handle,phone,co_mentions,1.0
S:demo_0008,E:phone_83b54748b13d,sample,phone,mentions,1.0
S:demo_0009,E:domain_b105264a114a,sample,domain,mentions,1.0
S:demo_0009,E:domain_0952fd5f98fe,sample,domain,mentions,1.0
S:demo_0009,E:handle_91a959b096ff,sample,handle,mentions,1.0
S:demo_0009,E:handle_4b58b3d847dc,sample,handle,mentions,1.0
E:domain_0952fd5f98fe,E:domain_b105264a114a,domain,domain,co_mentions,1.0
E:domain_0952fd5f98fe,E:handle_4b58b3d847dc,domain,handle,co_mentions,1.0
E:domain_0952fd5f98fe,E:handle_91a959b096ff,domain,handle,co_mentions,1.0
E:domain_b105264a114a,E:handle_4b58b3d847dc,domain,handle,co_mentions,1.0
E:domain_b105264a114a,E:handle_91a959b096ff,domain,handle,co_mentions,1.0
E:handle_4b58b3d847dc,E:handle_91a959b096ff,handle,handle,co_mentions,1.0
S:demo_0011,E:domain_55b951bdd4cb,sample,domain,mentions,1.0
S:demo_0011,E:handle_a311475ea8ae,sample,handle,mentions,1.0
E:domain_55b951bdd4cb,E:handle_a311475ea8ae,domain,handle,co_mentions,1.0
S:demo_0012,E:domain_99613c0930cf,sample,domain,mentions,1.0
S:demo_0012,E:domain_672afcae779d,sample,domain,mentions,1.0
S:demo_0012,E:handle_437f7456ac86,sample,handle,mentions,1.0
S:demo_0012,E:handle_7f0fbfb80438,sample,handle,mentions,1.0
S:demo_0012,E:payment_2a3c5998eae1,sample,payment,mentions,1.0
E:domain_672afcae779d,E:domain_99613c0930cf,domain,domain,co_mentions,1.0
E:domain_672afcae779d,E:handle_437f7456ac86,domain,handle,co_mentions,1.0
E:domain_672afcae779d,E:handle_7f0fbfb80438,domain,handle,co_mentions,1.0
E:domain_672afcae779d,E:payment_2a3c5998eae1,domain,payment,co_mentions,1.0
E:domain_99613c0930cf,E:handle_437f7456ac86,domain,handle,co_mentions,1.0
E:domain_99613c0930cf,E:handle_7f0fbfb80438,domain,handle,co_mentions,1.0
E:domain_99613c0930cf,E:payment_2a3c5998eae1,domain,payment,co_mentions,1.0
E:handle_437f7456ac86,E:handle_7f0fbfb80438,handle,handle,co_mentions,1.0
E:handle_437f7456ac86,E:payment_2a3c5998eae1,handle,payment,co_mentions,1.0
E:handle_7f0fbfb80438,E:payment_2a3c5998eae1,handle,payment,co_mentions,1.0
S:demo_0015,E:handle_91a959b096ff,sample,handle,mentions,1.0
S:demo_0020,E:domain_619b20795373,sample,domain,mentions,1.0
S:demo_0020,E:handle_3d1153eb01a1,sample,handle,mentions,1.0
S:demo_0020,E:phone_2d3ae971d084,sample,phone,mentions,1.0
E:domain_619b20795373,E:handle_3d1153eb01a1,domain,handle,co_mentions,1.0
E:domain_619b20795373,E:phone_2d3ae971d084,domain,phone,co_mentions,1.0
E:handle_3d1153eb01a1,E:phone_2d3ae971d084,handle,phone,co_mentions,1.0
S:demo_0021,E:handle_e42a964c4546,sample,handle,mentions,1.0
S:demo_0024,E:domain_9d6ffb90405c,sample,domain,mentions,1.0
S:demo_0025,E:domain_99613c0930cf,sample,domain,mentions,1.0
S:demo_0025,E:handle_437f7456ac86,sample,handle,mentions,1.0
S:demo_0025,E:phone_71772042ff6d,sample,phone,mentions,1.0
E:domain_99613c0930cf,E:handle_437f7456ac86,domain,handle,co_mentions,1.0
E:domain_99613c0930cf,E:phone_71772042ff6d,domain,phone,co_mentions,1.0
E:handle_437f7456ac86,E:phone_71772042ff6d,handle,phone,co_mentions,1.0
S:demo_0026,E:domain_7c937d9b3efa,sample,domain,mentions,1.0
S:demo_0026,E:handle_152c38dca66b,sample,handle,mentions,1.0
E:domain_7c937d9b3efa,E:handle_152c38dca66b,domain,handle,co_mentions,1.0
S:demo_0027,E:handle_ef114051ebae,sample,handle,mentions,1.0
S:demo_0029,E:domain_88bcbd5f2bd6,sample,domain,mentions,1.0
S:demo_0031,E:domain_22314773a043,sample,domain,mentions,1.0
S:demo_0036,E:handle_7f0fbfb80438,sample,handle,mentions,1.0
S:demo_0037,E:handle_7f0fbfb80438,sample,handle,mentions,1.0
S:demo_0043,E:domain_9d6ffb90405c,sample,domain,mentions,1.0
S:demo_0043,E:handle_49fd4db7e092,sample,handle,mentions,1.0
E:domain_9d6ffb90405c,E:handle_49fd4db7e092,domain,handle,co_mentions,1.0
S:demo_0045,E:domain_619b20795373,sample,domain,mentions,1.0
S:demo_0046,E:handle_437f7456ac86,sample,handle,mentions,1.0
S:demo_0047,E:domain_99613c0930cf,sample,domain,mentions,1.0
S:demo_0047,E:handle_437f7456ac86,sample,handle,mentions,1.0
E:domain_99613c0930cf,E:handle_437f7456ac86,domain,handle,co_mentions,1.0
S:demo_0048,E:domain_672afcae779d,sample,domain,mentions,1.0
S:demo_0048,E:handle_7f0fbfb80438,sample,handle,mentions,1.0
E:domain_672afcae779d,E:handle_7f0fbfb80438,domain,handle,co_mentions,1.0
S:demo_0050,E:handle_3d1153eb01a1,sample,handle,mentions,1.0
S:demo_0051,E:domain_7d44ced2cb16,sample,domain,mentions,1.0
S:demo_0051,E:handle_f8622e7e1bf8,sample,handle,mentions,1.0
E:domain_7d44ced2cb16,E:handle_f8622e7e1bf8,domain,handle,co_mentions,1.0
S:demo_0052,E:domain_eee1960b80db,sample,domain,mentions,1.0
S:demo_0052,E:handle_71a64d7753e2,sample,handle,mentions,1.0
E:domain_eee1960b80db,E:handle_71a64d7753e2,domain,handle,co_mentions,1.0
S:demo_0053,E:domain_88bcbd5f2bd6,sample,domain,mentions,1.0
S:demo_0057,E:domain_22314773a043,sample,domain,mentions,1.0
S:demo_0058,E:handle_ef114051ebae,sample,handle,mentions,1.0
S:demo_0058,E:payment_2993c87b7e6d,sample,payment,mentions,1.0
E:handle_ef114051ebae,E:payment_2993c87b7e6d,handle,payment,co_mentions,1.0
S:demo_0060,E:domain_b105264a114a,sample,domain,mentions,1.0
S:demo_0061,E:domain_473d7ffa3698,sample,domain,mentions,1.0
S:demo_0063,E:domain_473d7ffa3698,sample,domain,mentions,1.0
S:demo_0063,E:handle_b198dfd343e5,sample,handle,mentions,1.0
E:domain_473d7ffa3698,E:handle_b198dfd343e5,domain,handle,co_mentions,1.0
S:demo_0066,E:handle_7f0fbfb80438,sample,handle,mentions,1.0
S:demo_0070,E:domain_672afcae779d,sample,domain,mentions,1.0
S:demo_0071,E:domain_473d7ffa3698,sample,domain,mentions,1.0
S:demo_0071,E:handle_b198dfd343e5,sample,handle,mentions,1.0
S:demo_0071,E:payment_9fd291f71e30,sample,payment,mentions,1.0
E:domain_473d7ffa3698,E:handle_b198dfd343e5,domain,handle,co_mentions,1.0
E:domain_473d7ffa3698,E:payment_9fd291f71e30,domain,payment,co_mentions,1.0
E:handle_b198dfd343e5,E:payment_9fd291f71e30,handle,payment,co_mentions,1.0
S:demo_0072,E:handle_7f0fbfb80438,sample,handle,mentions,1.0
S:demo_0073,E:handle_437f7456ac86,sample,handle,mentions,1.0
S:demo_0075,E:domain_5236ffbd3194,sample,domain,mentions,1.0
S:demo_0076,E:handle_437f7456ac86,sample,handle,mentions,1.0
S:demo_0079,E:phone_b4fb838c1acc,sample,phone,mentions,1.0
S:demo_0080,E:domain_99613c0930cf,sample,domain,mentions,1.0
S:demo_0080,E:handle_437f7456ac86,sample,handle,mentions,1.0
E:domain_99613c0930cf,E:handle_437f7456ac86,domain,handle,co_mentions,1.0
S:demo_0082,E:domain_b105264a114a,sample,domain,mentions,1.0
S:demo_0082,E:handle_91a959b096ff,sample,handle,mentions,1.0
S:demo_0082,E:payment_2a3c5998eae1,sample,payment,mentions,1.0
E:domain_b105264a114a,E:handle_91a959b096ff,domain,handle,co_mentions,1.0
E:domain_b105264a114a,E:payment_2a3c5998eae1,domain,payment,co_mentions,1.0
E:handle_91a959b096ff,E:payment_2a3c5998eae1,handle,payment,co_mentions,1.0
S:demo_0083,E:domain_0836d5326ce9,sample,domain,mentions,1.0
S:demo_0083,E:handle_07903f01d0be,sample,handle,mentions,1.0
E:domain_0836d5326ce9,E:handle_07903f01d0be,domain,handle,co_mentions,1.0
S:demo_0085,E:domain_0952fd5f98fe,sample,domain,mentions,1.0
S:demo_0086,E:domain_672afcae779d,sample,domain,mentions,1.0
S:demo_0086,E:handle_7f0fbfb80438,sample,handle,mentions,1.0
E:domain_672afcae779d,E:handle_7f0fbfb80438,domain,handle,co_mentions,1.0
S:demo_0088,E:handle_3d56a3f81f55,sample,handle,mentions,1.0
S:demo_0089,E:domain_5236ffbd3194,sample,domain,mentions,1.0
S:demo_0092,E:handle_dc2182a003b4,sample,handle,mentions,1.0
S:demo_0093,E:domain_b105264a114a,sample,domain,mentions,1.0
S:demo_0095,E:domain_b105264a114a,sample,domain,mentions,1.0
S:demo_0095,E:handle_91a959b096ff,sample,handle,mentions,1.0
E:domain_b105264a114a,E:handle_91a959b096ff,domain,handle,co_mentions,1.0
S:demo_0098,E:domain_7c937d9b3efa,sample,domain,mentions,1.0
S:demo_0098,E:domain_5236ffbd3194,sample,domain,mentions,1.0
S:demo_0098,E:handle_3d56a3f81f55,sample,handle,mentions,1.0
E:domain_5236ffbd3194,E:domain_7c937d9b3efa,domain,domain,co_mentions,1.0
E:domain_5236ffbd3194,E:handle_3d56a3f81f55,domain,handle,co_mentions,1.0
E:domain_7c937d9b3efa,E:handle_3d56a3f81f55,domain,handle,co_mentions,1.0
S:demo_0100,E:domain_75137245be36,sample,domain,mentions,1.0
S:demo_0100,E:domain_7c937d9b3efa,sample,domain,mentions,1.0
S:demo_0100,E:handle_ef114051ebae,sample,handle,mentions,1.0
S:demo_0100,E:handle_152c38dca66b,sample,handle,mentions,1.0
S:demo_0100,E:payment_2a3c5998eae1,sample,payment,mentions,1.0
E:domain_75137245be36,E:domain_7c937d9b3efa,domain,domain,co_mentions,1.0
E:domain_75137245be36,E:handle_152c38dca66b,domain,handle,co_mentions,1.0
E:domain_75137245be36,E:handle_ef114051ebae,domain,handle,co_mentions,1.0
E:domain_75137245be36,E:payment_2a3c5998eae1,domain,payment,co_mentions,1.0
E:domain_7c937d9b3efa,E:handle_152c38dca66b,domain,handle,co_mentions,1.0
E:domain_7c937d9b3efa,E:handle_ef114051ebae,domain,handle,co_mentions,1.0
E:domain_7c937d9b3efa,E:payment_2a3c5998eae1,domain,payment,co_mentions,1.0
E:handle_152c38dca66b,E:handle_ef114051ebae,handle,handle,co_mentions,1.0
E:handle_152c38dca66b,E:payment_2a3c5998eae1,handle,payment,co_mentions,1.0
E:handle_ef114051ebae,E:payment_2a3c5998eae1,handle,payment,co_mentions,1.0
S:demo_0102,E:domain_99613c0930cf,sample,domain,mentions,1.0
S:demo_0102,E:handle_437f7456ac86,sample,handle,mentions,1.0
E:domain_99613c0930cf,E:handle_437f7456ac86,domain,handle,co_mentions,1.0
S:demo_0104,E:handle_f8622e7e1bf8,sample,handle,mentions,1.0
S:demo_0106,E:domain_b105264a114a,sample,domain,mentions,1.0
S:demo_0106,E:handle_91a959b096ff,sample,handle,mentions,1.0
E:domain_b105264a114a,E:handle_91a959b096ff,domain,handle,co_mentions,1.0
S:demo_0107,E:domain_7c937d9b3efa,sample,domain,mentions,1.0
S:demo_0109,E:domain_619b20795373,sample,domain,mentions,1.0
S:demo_0111,E:handle_f8622e7e1bf8,sample,handle,mentions,1.0
S:demo_0113,E:domain_672afcae779d,sample,domain,mentions,1.0
S:demo_0113,E:handle_7f0fbfb80438,sample,handle,mentions,1.0
E:domain_672afcae779d,E:handle_7f0fbfb80438,domain,handle,co_mentions,1.0
S:demo_0114,E:domain_22314773a043,sample,domain,mentions,1.0
S:demo_0117,E:handle_07903f01d0be,sample,handle,mentions,1.0
S:demo_0118,E:domain_88bcbd5f2bd6,sample,domain,mentions,1.0
S:demo_0119,E:handle_4b58b3d847dc,sample,handle,mentions,1.0
S:demo_0120,E:phone_2d3ae971d084,sample,phone,mentions,1.0
S:demo_0122,E:handle_3d56a3f81f55,sample,handle,mentions,1.0
S:demo_0126,E:handle_437f7456ac86,sample,handle,mentions,1.0
S:demo_0128,E:domain_672afcae779d,sample,domain,mentions,1.0
S:demo_0128,E:handle_7f0fbfb80438,sample,handle,mentions,1.0
E:domain_672afcae779d,E:handle_7f0fbfb80438,domain,handle,co_mentions,1.0
S:demo_0129,E:domain_99613c0930cf,sample,domain,mentions,1.0
S:demo_0129,E:domain_22314773a043,sample,domain,mentions,1.0
S:demo_0129,E:handle_437f7456ac86,sample,handle,mentions,1.0
S:demo_0129,E:handle_dc2182a003b4,sample,handle,mentions,1.0
E:domain_22314773a043,E:domain_99613c0930cf,domain,domain,co_mentions,1.0
E:domain_22314773a043,E:handle_437f7456ac86,domain,handle,co_mentions,1.0
E:domain_22314773a043,E:handle_dc2182a003b4,domain,handle,co_mentions,1.0
E:domain_99613c0930cf,E:handle_437f7456ac86,domain,handle,co_mentions,1.0
E:domain_99613c0930cf,E:handle_dc2182a003b4,domain,handle,co_mentions,1.0
E:handle_437f7456ac86,E:handle_dc2182a003b4,handle,handle,co_mentions,1.0
S:demo_0130,E:domain_cb1d01eee024,sample,domain,mentions,1.0
S:demo_0132,E:handle_152c38dca66b,sample,handle,mentions,1.0
S:demo_0135,E:domain_c2f3c4e53716,sample,domain,mentions,1.0
S:demo_0135,E:handle_8070fe9b906d,sample,handle,mentions,1.0
E:domain_c2f3c4e53716,E:handle_8070fe9b906d,domain,handle,co_mentions,1.0
S:demo_0136,E:handle_ef114051ebae,sample,handle,mentions,1.0
S:demo_0137,E:domain_473d7ffa3698,sample,domain,mentions,1.0
S:demo_0138,E:handle_7f0fbfb80438,sample,handle,mentions,1.0
S:demo_0138,E:payment_47e127e27b40,sample,payment,mentions,1.0
E:handle_7f0fbfb80438,E:payment_47e127e27b40,handle,payment,co_mentions,1.0
S:demo_0139,E:domain_7c937d9b3efa,sample,domain,mentions,1.0
S:demo_0139,E:handle_152c38dca66b,sample,handle,mentions,1.0
E:domain_7c937d9b3efa,E:handle_152c38dca66b,domain,handle,co_mentions,1.0
S:demo_0143,E:domain_c2f3c4e53716,sample,domain,mentions,1.0
S:demo_0143,E:domain_99613c0930cf,sample,domain,mentions,1.0
S:demo_0143,E:handle_8070fe9b906d,sample,handle,mentions,1.0
S:demo_0143,E:handle_437f7456ac86,sample,handle,mentions,1.0
E:domain_99613c0930cf,E:domain_c2f3c4e53716,domain,domain,co_mentions,1.0
E:domain_99613c0930cf,E:handle_437f7456ac86,domain,handle,co_mentions,1.0
E:domain_99613c0930cf,E:handle_8070fe9b906d,domain,handle,co_mentions,1.0
E:domain_c2f3c4e53716,E:handle_437f7456ac86,domain,handle,co_mentions,1.0
E:domain_c2f3c4e53716,E:handle_8070fe9b906d,domain,handle,co_mentions,1.0
E:handle_437f7456ac86,E:handle_8070fe9b906d,handle,handle,co_mentions,1.0
S:demo_0144,E:phone_8171264967cc,sample,phone,mentions,1.0
S:demo_0144,E:payment_2a3c5998eae1,sample,payment,mentions,1.0
E:payment_2a3c5998eae1,E:phone_8171264967cc,payment,phone,co_mentions,1.0
S:demo_0145,E:domain_473d7ffa3698,sample,domain,mentions,1.0
S:demo_0145,E:handle_b198dfd343e5,sample,handle,mentions,1.0
E:domain_473d7ffa3698,E:handle_b198dfd343e5,domain,handle,co_mentions,1.0
S:demo_0148,E:domain_7c937d9b3efa,sample,domain,mentions,1.0
S:demo_0149,E:domain_0952fd5f98fe,sample,domain,mentions,1.0
S:demo_0150,E:domain_672afcae779d,sample,domain,mentions,1.0
S:demo_0150,E:handle_7f0fbfb80438,sample,handle,mentions,1.0
S:demo_0150,E:payment_2a3c5998eae1,sample,payment,mentions,1.0
E:domain_672afcae779d,E:handle_7f0fbfb80438,domain,handle,co_mentions,1.0
E:domain_672afcae779d,E:payment_2a3c5998eae1,domain,payment,co_mentions,1.0
E:handle_7f0fbfb80438,E:payment_2a3c5998eae1,handle,payment,co_mentions,1.0
S:demo_0151,E:domain_55b951bdd4cb,sample,domain,mentions,1.0
S:demo_0152,E:domain_eee1960b80db,sample,domain,mentions,1.0
S:demo_0152,E:handle_71a64d7753e2,sample,handle,mentions,1.0
E:domain_eee1960b80db,E:handle_71a64d7753e2,domain,handle,co_mentions,1.0
S:demo_0153,E:domain_5236ffbd3194,sample,domain,mentions,1.0
S:demo_0154,E:domain_99613c0930cf,sample,domain,mentions,1.0
S:demo_0155,E:domain_619b20795373,sample,domain,mentions,1.0
S:demo_0156,E:domain_5236ffbd3194,sample,domain,mentions,1.0
S:demo_0158,E:domain_672afcae779d,sample,domain,mentions,1.0
S:demo_0159,E:domain_672afcae779d,sample,domain,mentions,1.0
S:demo_0159,E:handle_7f0fbfb80438,sample,handle,mentions,1.0
E:domain_672afcae779d,E:handle_7f0fbfb80438,domain,handle,co_mentions,1.0
S:demo_0161,E:domain_473d7ffa3698,sample,domain,mentions,1.0
S:demo_0161,E:handle_b198dfd343e5,sample,handle,mentions,1.0
E:domain_473d7ffa3698,E:handle_b198dfd343e5,domain,handle,co_mentions,1.0
S:demo_0162,E:domain_ba843e91ff0d,sample,domain,mentions,1.0
S:demo_0166,E:domain_99613c0930cf,sample,domain,mentions,1.0
S:demo_0167,E:domain_473d7ffa3698,sample,domain,mentions,1.0
S:demo_0167,E:handle_b198dfd343e5,sample,handle,mentions,1.0
E:domain_473d7ffa3698,E:handle_b198dfd343e5,domain,handle,co_mentions,1.0
S:demo_0168,E:domain_cb1d01eee024,sample,domain,mentions,1.0
S:demo_0168,E:handle_00570065f328,sample,handle,mentions,1.0
S:demo_0168,E:phone_79233317752e,sample,phone,mentions,1.0
E:domain_cb1d01eee024,E:handle_00570065f328,domain,handle,co_mentions,1.0
E:domain_cb1d01eee024,E:phone_79233317752e,domain,phone,co_mentions,1.0
E:handle_00570065f328,E:phone_79233317752e,handle,phone,co_mentions,1.0
S:demo_0169,E:domain_b105264a114a,sample,domain,mentions,1.0
S:demo_0169,E:domain_5236ffbd3194,sample,domain,mentions,1.0
S:demo_0169,E:handle_91a959b096ff,sample,handle,mentions,1.0
S:demo_0169,E:handle_3d56a3f81f55,sample,handle,mentions,1.0
E:domain_5236ffbd3194,E:domain_b105264a114a,domain,domain,co_mentions,1.0
E:domain_5236ffbd3194,E:handle_3d56a3f81f55,domain,handle,co_mentions,1.0
E:domain_5236ffbd3194,E:handle_91a959b096ff,domain,handle,co_mentions,1.0
E:domain_b105264a114a,E:handle_3d56a3f81f55,domain,handle,co_mentions,1.0
E:domain_b105264a114a,E:handle_91a959b096ff,domain,handle,co_mentions,1.0
E:handle_3d56a3f81f55,E:handle_91a959b096ff,handle,handle,co_mentions,1.0
S:demo_0171,E:phone_f6d804d43b1b,sample,phone,mentions,1.0
S:demo_0173,E:domain_22314773a043,sample,domain,mentions,1.0
S:demo_0173,E:handle_dc2182a003b4,sample,handle,mentions,1.0
S:demo_0173,E:phone_1e4bc9171073,sample,phone,mentions,1.0
E:domain_22314773a043,E:handle_dc2182a003b4,domain,handle,co_mentions,1.0
E:domain_22314773a043,E:phone_1e4bc9171073,domain,phone,co_mentions,1.0
E:handle_dc2182a003b4,E:phone_1e4bc9171073,handle,phone,co_mentions,1.0
S:demo_0174,E:domain_99613c0930cf,sample,domain,mentions,1.0
S:demo_0177,E:domain_672afcae779d,sample,domain,mentions,1.0
S:demo_0178,E:domain_7714561130b1,sample,domain,mentions,1.0
S:demo_0178,E:handle_615d13ad995d,sample,handle,mentions,1.0
E:domain_7714561130b1,E:handle_615d13ad995d,domain,handle,co_mentions,1.0
S:demo_0180,E:handle_152c38dca66b,sample,handle,mentions,1.0
S:demo_0182,E:domain_88bcbd5f2bd6,sample,domain,mentions,1.0
S:demo_0182,E:handle_e42a964c4546,sample,handle,mentions,1.0
E:domain_88bcbd5f2bd6,E:handle_e42a964c4546,domain,handle,co_mentions,1.0
S:demo_0183,E:domain_0836d5326ce9,sample,domain,mentions,1.0
S:demo_0183,E:domain_619b20795373,sample,domain,mentions,1.0
S:demo_0183,E:handle_3d1153eb01a1,sample,handle,mentions,1.0
E:domain_0836d5326ce9,E:domain_619b20795373,domain,domain,co_mentions,1.0
E:domain_0836d5326ce9,E:handle_3d1153eb01a1,domain,handle,co_mentions,1.0
E:domain_619b20795373,E:handle_3d1153eb01a1,domain,handle,co_mentions,1.0
S:demo_0185,E:domain_7d44ced2cb16,sample,domain,mentions,1.0
S:demo_0186,E:domain_eee1960b80db,sample,domain,mentions,1.0
S:demo_0186,E:handle_71a64d7753e2,sample,handle,mentions,1.0
S:demo_0186,E:phone_1e4bc9171073,sample,phone,mentions,1.0
E:domain_eee1960b80db,E:handle_71a64d7753e2,domain,handle,co_mentions,1.0
E:domain_eee1960b80db,E:phone_1e4bc9171073,domain,phone,co_mentions,1.0
E:handle_71a64d7753e2,E:phone_1e4bc9171073,handle,phone,co_mentions,1.0
S:demo_0190,E:domain_672afcae779d,sample,domain,mentions,1.0
S:demo_0190,E:domain_0836d5326ce9,sample,domain,mentions,1.0
S:demo_0190,E:handle_7f0fbfb80438,sample,handle,mentions,1.0
S:demo_0190,E:handle_07903f01d0be,sample,handle,mentions,1.0
E:domain_0836d5326ce9,E:domain_672afcae779d,domain,domain,co_mentions,1.0
E:domain_0836d5326ce9,E:handle_07903f01d0be,domain,handle,co_mentions,1.0
E:domain_0836d5326ce9,E:handle_7f0fbfb80438,domain,handle,co_mentions,1.0
E:domain_672afcae779d,E:handle_07903f01d0be,domain,handle,co_mentions,1.0
E:domain_672afcae779d,E:handle_7f0fbfb80438,domain,handle,co_mentions,1.0
E:handle_07903f01d0be,E:handle_7f0fbfb80438,handle,handle,co_mentions,1.0
S:demo_0192,E:domain_0952fd5f98fe,sample,domain,mentions,1.0
S:demo_0196,E:domain_0836d5326ce9,sample,domain,mentions,1.0
S:demo_0200,E:handle_3d1153eb01a1,sample,handle,mentions,1.0
S:demo_0201,E:handle_7f0fbfb80438,sample,handle,mentions,1.0
S:demo_0201,E:payment_47e127e27b40,sample,payment,mentions,1.0
E:handle_7f0fbfb80438,E:payment_47e127e27b40,handle,payment,co_mentions,1.0
S:demo_0203,E:domain_b105264a114a,sample,domain,mentions,1.0
S:demo_0203,E:handle_91a959b096ff,sample,handle,mentions,1.0
E:domain_b105264a114a,E:handle_91a959b096ff,domain,handle,co_mentions,1.0
S:demo_0204,E:domain_75137245be36,sample,domain,mentions,1.0
S:demo_0204,E:domain_c2f3c4e53716,sample,domain,mentions,1.0
S:demo_0204,E:handle_8070fe9b906d,sample,handle,mentions,1.0
E:domain_75137245be36,E:domain_c2f3c4e53716,domain,domain,co_mentions,1.0
E:domain_75137245be36,E:handle_8070fe9b906d,domain,handle,co_mentions,1.0
E:domain_c2f3c4e53716,E:handle_8070fe9b906d,domain,handle,co_mentions,1.0
S:demo_0205,E:handle_c9429f2524f6,sample,handle,mentions,1.0
S:demo_0205,E:payment_204bf74f3466,sample,payment,mentions,1.0
E:handle_c9429f2524f6,E:payment_204bf74f3466,handle,payment,co_mentions,1.0
S:demo_0207,E:domain_7c937d9b3efa,sample,domain,mentions,1.0
S:demo_0207,E:handle_152c38dca66b,sample,handle,mentions,1.0
S:demo_0207,E:phone_40d1d905b583,sample,phone,mentions,1.0
E:domain_7c937d9b3efa,E:handle_152c38dca66b,domain,handle,co_mentions,1.0
E:domain_7c937d9b3efa,E:phone_40d1d905b583,domain,phone,co_mentions,1.0
E:handle_152c38dca66b,E:phone_40d1d905b583,handle,phone,co_mentions,1.0
S:demo_0208,E:domain_0952fd5f98fe,sample,domain,mentions,1.0
S:demo_0211,E:handle_f8622e7e1bf8,sample,handle,mentions,1.0
S:demo_0213,E:domain_473d7ffa3698,sample,domain,mentions,1.0
S:demo_0214,E:handle_152c38dca66b,sample,handle,mentions,1.0
S:demo_0214,E:payment_850bf6ebfcf2,sample,payment,mentions,1.0
E:handle_152c38dca66b,E:payment_850bf6ebfcf2,handle,payment,co_mentions,1.0
S:demo_0216,E:domain_b105264a114a,sample,domain,mentions,1.0
S:demo_0220,E:handle_a311475ea8ae,sample,handle,mentions,1.0
S:demo_0221,E:domain_7c937d9b3efa,sample,domain,mentions,1.0
S:demo_0221,E:handle_152c38dca66b,sample,handle,mentions,1.0
E:domain_7c937d9b3efa,E:handle_152c38dca66b,domain,handle,co_mentions,1.0
S:demo_0222,E:domain_0836d5326ce9,sample,domain,mentions,1.0
S:demo_0222,E:domain_d11c50e63e4f,sample,domain,mentions,1.0
S:demo_0222,E:handle_07903f01d0be,sample,handle,mentions,1.0
S:demo_0222,E:handle_c9429f2524f6,sample,handle,mentions,1.0
S:demo_0222,E:payment_2a3c5998eae1,sample,payment,mentions,1.0
E:domain_0836d5326ce9,E:domain_d11c50e63e4f,domain,domain,co_mentions,1.0
E:domain_0836d5326ce9,E:handle_07903f01d0be,domain,handle,co_mentions,1.0
E:domain_0836d5326ce9,E:handle_c9429f2524f6,domain,handle,co_mentions,1.0
E:domain_0836d5326ce9,E:payment_2a3c5998eae1,domain,payment,co_mentions,1.0
E:domain_d11c50e63e4f,E:handle_07903f01d0be,domain,handle,co_mentions,1.0
E:domain_d11c50e63e4f,E:handle_c9429f2524f6,domain,handle,co_mentions,1.0
E:domain_d11c50e63e4f,E:payment_2a3c5998eae1,domain,payment,co_mentions,1.0
E:handle_07903f01d0be,E:handle_c9429f2524f6,handle,handle,co_mentions,1.0
E:handle_07903f01d0be,E:payment_2a3c5998eae1,handle,payment,co_mentions,1.0
E:handle_c9429f2524f6,E:payment_2a3c5998eae1,handle,payment,co_mentions,1.0
S:demo_0224,E:handle_e42a964c4546,sample,handle,mentions,1.0
S:demo_0226,E:domain_672afcae779d,sample,domain,mentions,1.0
S:demo_0226,E:handle_7f0fbfb80438,sample,handle,mentions,1.0
E:domain_672afcae779d,E:handle_7f0fbfb80438,domain,handle,co_mentions,1.0
S:demo_0227,E:domain_0836d5326ce9,sample,domain,mentions,1.0
S:demo_0227,E:handle_07903f01d0be,sample,handle,mentions,1.0
E:domain_0836d5326ce9,E:handle_07903f01d0be,domain,handle,co_mentions,1.0
S:demo_0228,E:handle_49fd4db7e092,sample,handle,mentions,1.0
S:demo_0229,E:domain_ba843e91ff0d,sample,domain,mentions,1.0
S:demo_0229,E:handle_35886cbded9a,sample,handle,mentions,1.0
S:demo_0229,E:payment_9fd291f71e30,sample,payment,mentions,1.0
E:domain_ba843e91ff0d,E:handle_35886cbded9a,domain,handle,co_mentions,1.0
E:domain_ba843e91ff0d,E:payment_9fd291f71e30,domain,payment,co_mentions,1.0
E:handle_35886cbded9a,E:payment_9fd291f71e30,handle,payment,co_mentions,1.0
S:demo_0235,E:domain_c2f3c4e53716,sample,domain,mentions,1.0
S:demo_0237,E:domain_7c937d9b3efa,sample,domain,mentions,1.0
S:demo_0238,E:phone_1e4bc9171073,sample,phone,mentions,1.0
S:demo_0238,E:payment_2a3c5998eae1,sample,payment,mentions,1.0
E:payment_2a3c5998eae1,E:phone_1e4bc9171073,payment,phone,co_mentions,1.0
S:demo_0240,E:domain_c2f3c4e53716,sample,domain,mentions,1.0
S:demo_0242,E:domain_d11c50e63e4f,sample,domain,mentions,1.0
S:demo_0242,E:handle_c9429f2524f6,sample,handle,mentions,1.0
E:domain_d11c50e63e4f,E:handle_c9429f2524f6,domain,handle,co_mentions,1.0
S:demo_0243,E:domain_0952fd5f98fe,sample,domain,mentions,1.0
S:demo_0243,E:domain_5236ffbd3194,sample,domain,mentions,1.0
S:demo_0243,E:handle_4b58b3d847dc,sample,handle,mentions,1.0
S:demo_0243,E:handle_3d56a3f81f55,sample,handle,mentions,1.0
S:demo_0243,E:payment_2a3c5998eae1,sample,payment,mentions,1.0
E:domain_0952fd5f98fe,E:domain_5236ffbd3194,domain,domain,co_mentions,1.0
E:domain_0952fd5f98fe,E:handle_3d56a3f81f55,domain,handle,co_mentions,1.0
E:domain_0952fd5f98fe,E:handle_4b58b3d847dc,domain,handle,co_mentions,1.0
E:domain_0952fd5f98fe,E:payment_2a3c5998eae1,domain,payment,co_mentions,1.0
E:domain_5236ffbd3194,E:handle_3d56a3f81f55,domain,handle,co_mentions,1.0
E:domain_5236ffbd3194,E:handle_4b58b3d847dc,domain,handle,co_mentions,1.0
E:domain_5236ffbd3194,E:payment_2a3c5998eae1,domain,payment,co_mentions,1.0
E:handle_3d56a3f81f55,E:handle_4b58b3d847dc,handle,handle,co_mentions,1.0
E:handle_3d56a3f81f55,E:payment_2a3c5998eae1,handle,payment,co_mentions,1.0
E:handle_4b58b3d847dc,E:payment_2a3c5998eae1,handle,payment,co_mentions,1.0
S:demo_0244,E:phone_8171264967cc,sample,phone,mentions,1.0
S:demo_0246,E:domain_b105264a114a,sample,domain,mentions,1.0
S:demo_0246,E:domain_5236ffbd3194,sample,domain,mentions,1.0
S:demo_0246,E:handle_3d56a3f81f55,sample,handle,mentions,1.0
E:domain_5236ffbd3194,E:domain_b105264a114a,domain,domain,co_mentions,1.0
E:domain_5236ffbd3194,E:handle_3d56a3f81f55,domain,handle,co_mentions,1.0
E:domain_b105264a114a,E:handle_3d56a3f81f55,domain,handle,co_mentions,1.0
S:demo_0247,E:domain_7c937d9b3efa,sample,domain,mentions,1.0
S:demo_0247,E:handle_152c38dca66b,sample,handle,mentions,1.0
E:domain_7c937d9b3efa,E:handle_152c38dca66b,domain,handle,co_mentions,1.0
S:demo_0249,E:domain_473d7ffa3698,sample,domain,mentions,1.0
S:demo_0252,E:phone_79233317752e,sample,phone,mentions,1.0
S:demo_0252,E:payment_2a3c5998eae1,sample,payment,mentions,1.0
E:payment_2a3c5998eae1,E:phone_79233317752e,payment,phone,co_mentions,1.0
S:demo_0254,E:domain_7c937d9b3efa,sample,domain,mentions,1.0
S:demo_0254,E:handle_152c38dca66b,sample,handle,mentions,1.0
E:domain_7c937d9b3efa,E:handle_152c38dca66b,domain,handle,co_mentions,1.0
S:demo_0259,E:handle_a311475ea8ae,sample,handle,mentions,1.0
S:demo_0263,E:domain_0952fd5f98fe,sample,domain,mentions,1.0
S:demo_0266,E:domain_99613c0930cf,sample,domain,mentions,1.0
S:demo_0266,E:domain_22314773a043,sample,domain,mentions,1.0
S:demo_0266,E:handle_dc2182a003b4,sample,handle,mentions,1.0
E:domain_22314773a043,E:domain_99613c0930cf,domain,domain,co_mentions,1.0
E:domain_22314773a043,E:handle_dc2182a003b4,domain,handle,co_mentions,1.0
E:domain_99613c0930cf,E:handle_dc2182a003b4,domain,handle,co_mentions,1.0
S:demo_0268,E:domain_88bcbd5f2bd6,sample,domain,mentions,1.0
S:demo_0268,E:handle_e42a964c4546,sample,handle,mentions,1.0
S:demo_0268,E:payment_2a3c5998eae1,sample,payment,mentions,1.0
E:domain_88bcbd5f2bd6,E:handle_e42a964c4546,domain,handle,co_mentions,1.0
E:domain_88bcbd5f2bd6,E:payment_2a3c5998eae1,domain,payment,co_mentions,1.0
E:handle_e42a964c4546,E:payment_2a3c5998eae1,handle,payment,co_mentions,1.0
S:demo_0270,E:domain_5236ffbd3194,sample,domain,mentions,1.0
S:demo_0270,E:handle_3d56a3f81f55,sample,handle,mentions,1.0
E:domain_5236ffbd3194,E:handle_3d56a3f81f55,domain,handle,co_mentions,1.0
S:demo_0274,E:domain_7d44ced2cb16,sample,domain,mentions,1.0
S:demo_0274,E:handle_f8622e7e1bf8,sample,handle,mentions,1.0
E:domain_7d44ced2cb16,E:handle_f8622e7e1bf8,domain,handle,co_mentions,1.0
S:demo_0276,E:handle_00570065f328,sample,handle,mentions,1.0
S:demo_0278,E:domain_ba843e91ff0d,sample,domain,mentions,1.0
S:demo_0280,E:handle_437f7456ac86,sample,handle,mentions,1.0
S:demo_0280,E:payment_7013ec24ce15,sample,payment,mentions,1.0
E:handle_437f7456ac86,E:payment_7013ec24ce15,handle,payment,co_mentions,1.0
S:demo_0281,E:handle_7f0fbfb80438,sample,handle,mentions,1.0
S:demo_0282,E:handle_a311475ea8ae,sample,handle,mentions,1.0
S:demo_0285,E:domain_d11c50e63e4f,sample,domain,mentions,1.0
S:demo_0285,E:domain_55b951bdd4cb,sample,domain,mentions,1.0
S:demo_0285,E:handle_c9429f2524f6,sample,handle,mentions,1.0
S:demo_0285,E:handle_a311475ea8ae,sample,handle,mentions,1.0
E:domain_55b951bdd4cb,E:domain_d11c50e63e4f,domain,domain,co_mentions,1.0
E:domain_55b951bdd4cb,E:handle_a311475ea8ae,domain,handle,co_mentions,1.0
E:domain_55b951bdd4cb,E:handle_c9429f2524f6,domain,handle,co_mentions,1.0
E:domain_d11c50e63e4f,E:handle_a311475ea8ae,domain,handle,co_mentions,1.0
E:domain_d11c50e63e4f,E:handle_c9429f2524f6,domain,handle,co_mentions,1.0
E:handle_a311475ea8ae,E:handle_c9429f2524f6,handle,handle,co_mentions,1.0
S:demo_0287,E:domain_ba843e91ff0d,sample,domain,mentions,1.0
S:demo_0287,E:domain_d11c50e63e4f,sample,domain,mentions,1.0
S:demo_0287,E:handle_35886cbded9a,sample,handle,mentions,1.0
S:demo_0287,E:handle_c9429f2524f6,sample,handle,mentions,1.0
E:domain_ba843e91ff0d,E:domain_d11c50e63e4f,domain,domain,co_mentions,1.0
E:domain_ba843e91ff0d,E:handle_35886cbded9a,domain,handle,co_mentions,1.0
E:domain_ba843e91ff0d,E:handle_c9429f2524f6,domain,handle,co_mentions,1.0
E:domain_d11c50e63e4f,E:handle_35886cbded9a,domain,handle,co_mentions,1.0
E:domain_d11c50e63e4f,E:handle_c9429f2524f6,domain,handle,co_mentions,1.0
E:handle_35886cbded9a,E:handle_c9429f2524f6,handle,handle,co_mentions,1.0
S:demo_0288,E:handle_3d1153eb01a1,sample,handle,mentions,1.0
S:demo_0289,E:handle_4b58b3d847dc,sample,handle,mentions,1.0
S:demo_0290,E:domain_672afcae779d,sample,domain,mentions,1.0
S:demo_0292,E:domain_55b951bdd4cb,sample,domain,mentions,1.0
S:demo_0292,E:handle_a311475ea8ae,sample,handle,mentions,1.0
E:domain_55b951bdd4cb,E:handle_a311475ea8ae,domain,handle,co_mentions,1.0
S:demo_0294,E:handle_3d1153eb01a1,sample,handle,mentions,1.0
S:demo_0295,E:handle_d371034571ad,sample,handle,mentions,1.0
S:demo_0296,E:phone_06ed5039f3ba,sample,phone,mentions,1.0
S:demo_0299,E:handle_ef114051ebae,sample,handle,mentions,1.0
S:demo_0300,E:phone_b4fb838c1acc,sample,phone,mentions,1.0
S:demo_0301,E:domain_672afcae779d,sample,domain,mentions,1.0
S:demo_0304,E:domain_473d7ffa3698,sample,domain,mentions,1.0
S:demo_0304,E:handle_b198dfd343e5,sample,handle,mentions,1.0
E:domain_473d7ffa3698,E:handle_b198dfd343e5,domain,handle,co_mentions,1.0
S:demo_0308,E:domain_cb1d01eee024,sample,domain,mentions,1.0
S:demo_0308,E:domain_94afa04994aa,sample,domain,mentions,1.0
S:demo_0308,E:handle_00570065f328,sample,handle,mentions,1.0
S:demo_0308,E:handle_d371034571ad,sample,handle,mentions,1.0
S:demo_0308,E:payment_2a3c5998eae1,sample,payment,mentions,1.0
E:domain_94afa04994aa,E:domain_cb1d01eee024,domain,domain,co_mentions,1.0
E:domain_94afa04994aa,E:handle_00570065f328,domain,handle,co_mentions,1.0
E:domain_94afa04994aa,E:handle_d371034571ad,domain,handle,co_mentions,1.0
E:domain_94afa04994aa,E:payment_2a3c5998eae1,domain,payment,co_mentions,1.0
E:domain_cb1d01eee024,E:handle_00570065f328,domain,handle,co_mentions,1.0
E:domain_cb1d01eee024,E:handle_d371034571ad,domain,handle,co_mentions,1.0
E:domain_cb1d01eee024,E:payment_2a3c5998eae1,domain,payment,co_mentions,1.0
E:handle_00570065f328,E:handle_d371034571ad,handle,handle,co_mentions,1.0
E:handle_00570065f328,E:payment_2a3c5998eae1,handle,payment,co_mentions,1.0
E:handle_d371034571ad,E:payment_2a3c5998eae1,handle,payment,co_mentions,1.0
S:demo_0310,E:domain_b105264a114a,sample,domain,mentions,1.0
S:demo_0310,E:handle_91a959b096ff,sample,handle,mentions,1.0
E:domain_b105264a114a,E:handle_91a959b096ff,domain,handle,co_mentions,1.0
S:demo_0311,E:domain_619b20795373,sample,domain,mentions,1.0
S:demo_0311,E:handle_3d1153eb01a1,sample,handle,mentions,1.0
S:demo_0311,E:phone_2d3ae971d084,sample,phone,mentions,1.0
S:demo_0311,E:payment_2a3c5998eae1,sample,payment,mentions,1.0
E:domain_619b20795373,E:handle_3d1153eb01a1,domain,handle,co_mentions,1.0
E:domain_619b20795373,E:payment_2a3c5998eae1,domain,payment,co_mentions,1.0
E:domain_619b20795373,E:phone_2d3ae971d084,domain,phone,co_mentions,1.0
E:handle_3d1153eb01a1,E:payment_2a3c5998eae1,handle,payment,co_mentions,1.0
E:handle_3d1153eb01a1,E:phone_2d3ae971d084,handle,phone,co_mentions,1.0
E:payment_2a3c5998eae1,E:phone_2d3ae971d084,payment,phone,co_mentions,1.0
S:demo_0316,E:handle_91a959b096ff,sample,handle,mentions,1.0
S:demo_0317,E:domain_75137245be36,sample,domain,mentions,1.0
S:demo_0320,E:domain_c2f3c4e53716,sample,domain,mentions,1.0
S:demo_0321,E:domain_75137245be36,sample,domain,mentions,1.0
S:demo_0322,E:handle_152c38dca66b,sample,handle,mentions,1.0
S:demo_0323,E:domain_9d6ffb90405c,sample,domain,mentions,1.0
S:demo_0323,E:handle_49fd4db7e092,sample,handle,mentions,1.0
E:domain_9d6ffb90405c,E:handle_49fd4db7e092,domain,handle,co_mentions,1.0
S:demo_0324,E:domain_94afa04994aa,sample,domain,mentions,1.0
S:demo_0324,E:handle_d371034571ad,sample,handle,mentions,1.0
E:domain_94afa04994aa,E:handle_d371034571ad,domain,handle,co_mentions,1.0
S:demo_0328,E:phone_a4604c38c6cb,sample,phone,mentions,1.0
S:demo_0328,E:payment_2a3c5998eae1,sample,payment,mentions,1.0
E:payment_2a3c5998eae1,E:phone_a4604c38c6cb,payment,phone,co_mentions,1.0
S:demo_0329,E:handle_7f0fbfb80438,sample,handle,mentions,1.0
S:demo_0329,E:payment_47e127e27b40,sample,payment,mentions,1.0
E:handle_7f0fbfb80438,E:payment_47e127e27b40,handle,payment,co_mentions,1.0
S:demo_0332,E:handle_3d1153eb01a1,sample,handle,mentions,1.0
S:demo_0333,E:domain_7d44ced2cb16,sample,domain,mentions,1.0
S:demo_0333,E:handle_f8622e7e1bf8,sample,handle,mentions,1.0
S:demo_0333,E:phone_2a0ea6da8439,sample,phone,mentions,1.0
E:domain_7d44ced2cb16,E:handle_f8622e7e1bf8,domain,handle,co_mentions,1.0
E:domain_7d44ced2cb16,E:phone_2a0ea6da8439,domain,phone,co_mentions,1.0
E:handle_f8622e7e1bf8,E:phone_2a0ea6da8439,handle,phone,co_mentions,1.0
S:demo_0335,E:domain_b105264a114a,sample,domain,mentions,1.0
S:demo_0337,E:domain_22314773a043,sample,domain,mentions,1.0
S:demo_0339,E:domain_d11c50e63e4f,sample,domain,mentions,1.0
S:demo_0339,E:handle_c9429f2524f6,sample,handle,mentions,1.0
E:domain_d11c50e63e4f,E:handle_c9429f2524f6,domain,handle,co_mentions,1.0
S:demo_0341,E:domain_672afcae779d,sample,domain,mentions,1.0
S:demo_0342,E:domain_b105264a114a,sample,domain,mentions,1.0
S:demo_0342,E:handle_91a959b096ff,sample,handle,mentions,1.0
E:domain_b105264a114a,E:handle_91a959b096ff,domain,handle,co_mentions,1.0
S:demo_0343,E:domain_55b951bdd4cb,sample,domain,mentions,1.0
S:demo_0345,E:domain_5236ffbd3194,sample,domain,mentions,1.0
S:demo_0345,E:handle_3d56a3f81f55,sample,handle,mentions,1.0
E:domain_5236ffbd3194,E:handle_3d56a3f81f55,domain,handle,co_mentions,1.0
S:demo_0347,E:phone_06ed5039f3ba,sample,phone,mentions,1.0
S:demo_0348,E:domain_94afa04994aa,sample,domain,mentions,1.0
S:demo_0348,E:handle_d371034571ad,sample,handle,mentions,1.0
S:demo_0348,E:payment_2a3c5998eae1,sample,payment,mentions,1.0
E:domain_94afa04994aa,E:handle_d371034571ad,domain,handle,co_mentions,1.0
E:domain_94afa04994aa,E:payment_2a3c5998eae1,domain,payment,co_mentions,1.0
E:handle_d371034571ad,E:payment_2a3c5998eae1,handle,payment,co_mentions,1.0
S:demo_0350,E:domain_9d6ffb90405c,sample,domain,mentions,1.0
S:demo_0351,E:domain_55b951bdd4cb,sample,domain,mentions,1.0
S:demo_0351,E:handle_a311475ea8ae,sample,handle,mentions,1.0
E:domain_55b951bdd4cb,E:handle_a311475ea8ae,domain,handle,co_mentions,1.0
S:demo_0352,E:domain_672afcae779d,sample,domain,mentions,1.0
S:demo_0352,E:domain_eee1960b80db,sample,domain,mentions,1.0
S:demo_0352,E:handle_7f0fbfb80438,sample,handle,mentions,1.0
S:demo_0352,E:handle_71a64d7753e2,sample,handle,mentions,1.0
E:domain_672afcae779d,E:domain_eee1960b80db,domain,domain,co_mentions,1.0
E:domain_672afcae779d,E:handle_71a64d7753e2,domain,handle,co_mentions,1.0
E:domain_672afcae779d,E:handle_7f0fbfb80438,domain,handle,co_mentions,1.0
E:domain_eee1960b80db,E:handle_71a64d7753e2,domain,handle,co_mentions,1.0
E:domain_eee1960b80db,E:handle_7f0fbfb80438,domain,handle,co_mentions,1.0
E:handle_71a64d7753e2,E:handle_7f0fbfb80438,handle,handle,co_mentions,1.0
S:demo_0354,E:domain_75137245be36,sample,domain,mentions,1.0
S:demo_0355,E:domain_88bcbd5f2bd6,sample,domain,mentions,1.0
S:demo_0355,E:handle_e42a964c4546,sample,handle,mentions,1.0
S:demo_0355,E:payment_9fd291f71e30,sample,payment,mentions,1.0
E:domain_88bcbd5f2bd6,E:handle_e42a964c4546,domain,handle,co_mentions,1.0
E:domain_88bcbd5f2bd6,E:payment_9fd291f71e30,domain,payment,co_mentions,1.0
E:handle_e42a964c4546,E:payment_9fd291f71e30,handle,payment,co_mentions,1.0
S:demo_0356,E:domain_672afcae779d,sample,domain,mentions,1.0
S:demo_0356,E:handle_7f0fbfb80438,sample,handle,mentions,1.0
S:demo_0356,E:payment_2a3c5998eae1,sample,payment,mentions,1.0
E:domain_672afcae779d,E:handle_7f0fbfb80438,domain,handle,co_mentions,1.0
E:domain_672afcae779d,E:payment_2a3c5998eae1,domain,payment,co_mentions,1.0
E:handle_7f0fbfb80438,E:payment_2a3c5998eae1,handle,payment,co_mentions,1.0
S:demo_0357,E:domain_88bcbd5f2bd6,sample,domain,mentions,1.0
S:demo_0358,E:domain_b105264a114a,sample,domain,mentions,1.0
S:demo_0367,E:domain_672afcae779d,sample,domain,mentions,1.0
S:demo_0367,E:handle_7f0fbfb80438,sample,handle,mentions,1.0
E:domain_672afcae779d,E:handle_7f0fbfb80438,domain,handle,co_mentions,1.0
S:demo_0368,E:domain_88bcbd5f2bd6,sample,domain,mentions,1.0
S:demo_0373,E:phone_8171264967cc,sample,phone,mentions,1.0
S:demo_0374,E:handle_152c38dca66b,sample,handle,mentions,1.0
S:demo_0375,E:phone_83b54748b13d,sample,phone,mentions,1.0
S:demo_0378,E:handle_4b58b3d847dc,sample,handle,mentions,1.0
S:demo_0379,E:domain_5236ffbd3194,sample,domain,mentions,1.0
S:demo_0379,E:handle_3d56a3f81f55,sample,handle,mentions,1.0
S:demo_0379,E:payment_2a3c5998eae1,sample,payment,mentions,1.0
E:domain_5236ffbd3194,E:handle_3d56a3f81f55,domain,handle,co_mentions,1.0
E:domain_5236ffbd3194,E:payment_2a3c5998eae1,domain,payment,co_mentions,1.0
E:handle_3d56a3f81f55,E:payment_2a3c5998eae1,handle,payment,co_mentions,1.0
S:demo_0380,E:handle_91a959b096ff,sample,handle,mentions,1.0
S:demo_0380,E:payment_b93a877656b3,sample,payment,mentions,1.0
E:handle_91a959b096ff,E:payment_b93a877656b3,handle,payment,co_mentions,1.0
S:demo_0381,E:handle_35886cbded9a,sample,handle,mentions,1.0
S:demo_0381,E:payment_c875a74099b2,sample,payment,mentions,1.0
E:handle_35886cbded9a,E:payment_c875a74099b2,handle,payment,co_mentions,1.0
S:demo_0382,E:domain_cb1d01eee024,sample,domain,mentions,1.0
S:demo_0383,E:handle_91a959b096ff,sample,handle,mentions,1.0
S:demo_0383,E:payment_b93a877656b3,sample,payment,mentions,1.0
E:handle_91a959b096ff,E:payment_b93a877656b3,handle,payment,co_mentions,1.0
S:demo_0386,E:domain_ba843e91ff0d,sample,domain,mentions,1.0
S:demo_0388,E:phone_83b54748b13d,sample,phone,mentions,1.0
S:demo_0388,E:payment_2a3c5998eae1,sample,payment,mentions,1.0
E:payment_2a3c5998eae1,E:phone_83b54748b13d,payment,phone,co_mentions,1.0
S:demo_0389,E:domain_5236ffbd3194,sample,domain,mentions,1.0
S:demo_0389,E:handle_3d56a3f81f55,sample,handle,mentions,1.0
S:demo_0389,E:payment_2a3c5998eae1,sample,payment,mentions,1.0
E:domain_5236ffbd3194,E:handle_3d56a3f81f55,domain,handle,co_mentions,1.0
E:domain_5236ffbd3194,E:payment_2a3c5998eae1,domain,payment,co_mentions,1.0
E:handle_3d56a3f81f55,E:payment_2a3c5998eae1,handle,payment,co_mentions,1.0
S:demo_0393,E:domain_88bcbd5f2bd6,sample,domain,mentions,1.0
S:demo_0393,E:handle_e42a964c4546,sample,handle,mentions,1.0
E:domain_88bcbd5f2bd6,E:handle_e42a964c4546,domain,handle,co_mentions,1.0
S:demo_0395,E:handle_b198dfd343e5,sample,handle,mentions,1.0
S:demo_0395,E:payment_f7166a6ad768,sample,payment,mentions,1.0
E:handle_b198dfd343e5,E:payment_f7166a6ad768,handle,payment,co_mentions,1.0
S:demo_0396,E:domain_94afa04994aa,sample,domain,mentions,1.0
S:demo_0398,E:phone_a4604c38c6cb,sample,phone,mentions,1.0
S:demo_0401,E:handle_7f0fbfb80438,sample,handle,mentions,1.0
S:demo_0405,E:phone_2d3ae971d084,sample,phone,mentions,1.0
S:demo_0407,E:handle_8070fe9b906d,sample,handle,mentions,1.0
S:demo_0409,E:domain_b105264a114a,sample,domain,mentions,1.0
S:demo_0413,E:domain_22314773a043,sample,domain,mentions,1.0
S:demo_0415,E:domain_672afcae779d,sample,domain,mentions,1.0
S:demo_0415,E:handle_7f0fbfb80438,sample,handle,mentions,1.0
S:demo_0415,E:phone_b4fb838c1acc,sample,phone,mentions,1.0
E:domain_672afcae779d,E:handle_7f0fbfb80438,domain,handle,co_mentions,1.0
E:domain_672afcae779d,E:phone_b4fb838c1acc,domain,phone,co_mentions,1.0
E:handle_7f0fbfb80438,E:phone_b4fb838c1acc,handle,phone,co_mentions,1.0
S:demo_0419,E:domain_473d7ffa3698,sample,domain,mentions,1.0
S:demo_0420,E:domain_c2f3c4e53716,sample,domain,mentions,1.0
S:demo_0420,E:handle_8070fe9b906d,sample,handle,mentions,1.0
S:demo_0420,E:phone_40d1d905b583,sample,phone,mentions,1.0
E:domain_c2f3c4e53716,E:handle_8070fe9b906d,domain,handle,co_mentions,1.0
E:domain_c2f3c4e53716,E:phone_40d1d905b583,domain,phone,co_mentions,1.0
E:handle_8070fe9b906d,E:phone_40d1d905b583,handle,phone,co_mentions,1.0
S:demo_0421,E:domain_7c937d9b3efa,sample,domain,mentions,1.0
S:demo_0421,E:handle_152c38dca66b,sample,handle,mentions,1.0
E:domain_7c937d9b3efa,E:handle_152c38dca66b,domain,handle,co_mentions,1.0
S:demo_0425,E:domain_7714561130b1,sample,domain,mentions,1.0
S:demo_0426,E:domain_c2f3c4e53716,sample,domain,mentions,1.0
S:demo_0426,E:handle_8070fe9b906d,sample,handle,mentions,1.0
S:demo_0426,E:phone_40d1d905b583,sample,phone,mentions,1.0
E:domain_c2f3c4e53716,E:handle_8070fe9b906d,domain,handle,co_mentions,1.0
E:domain_c2f3c4e53716,E:phone_40d1d905b583,domain,phone,co_mentions,1.0
E:handle_8070fe9b906d,E:phone_40d1d905b583,handle,phone,co_mentions,1.0
S:demo_0428,E:handle_00570065f328,sample,handle,mentions,1.0
S:demo_0429,E:domain_0952fd5f98fe,sample,domain,mentions,1.0
S:demo_0430,E:domain_99613c0930cf,sample,domain,mentions,1.0
S:demo_0430,E:handle_437f7456ac86,sample,handle,mentions,1.0
E:domain_99613c0930cf,E:handle_437f7456ac86,domain,handle,co_mentions,1.0
S:demo_0431,E:domain_c2f3c4e53716,sample,domain,mentions,1.0
S:demo_0432,E:domain_99613c0930cf,sample,domain,mentions,1.0
S:demo_0432,E:handle_437f7456ac86,sample,handle,mentions,1.0
S:demo_0432,E:payment_9fd291f71e30,sample,payment,mentions,1.0
E:domain_99613c0930cf,E:handle_437f7456ac86,domain,handle,co_mentions,1.0
E:domain_99613c0930cf,E:payment_9fd291f71e30,domain,payment,co_mentions,1.0
E:handle_437f7456ac86,E:payment_9fd291f71e30,handle,payment,co_mentions,1.0
S:demo_0436,E:handle_152c38dca66b,sample,handle,mentions,1.0
S:demo_0438,E:domain_ba843e91ff0d,sample,domain,mentions,1.0
S:demo_0438,E:handle_35886cbded9a,sample,handle,mentions,1.0
E:domain_ba843e91ff0d,E:handle_35886cbded9a,domain,handle,co_mentions,1.0
S:demo_0440,E:phone_4dfc04594f57,sample,phone,mentions,1.0
S:demo_0441,E:domain_7c937d9b3efa,sample,domain,mentions,1.0
S:demo_0441,E:handle_152c38dca66b,sample,handle,mentions,1.0
E:domain_7c937d9b3efa,E:handle_152c38dca66b,domain,handle,co_mentions,1.0
S:demo_0442,E:domain_75137245be36,sample,domain,mentions,1.0
S:demo_0442,E:handle_ef114051ebae,sample,handle,mentions,1.0
E:domain_75137245be36,E:handle_ef114051ebae,domain,handle,co_mentions,1.0
S:demo_0445,E:domain_d11c50e63e4f,sample,domain,mentions,1.0
S:demo_0446,E:domain_55b951bdd4cb,sample,domain,mentions,1.0
S:demo_0446,E:handle_a311475ea8ae,sample,handle,mentions,1.0
S:demo_0446,E:payment_2a3c5998eae1,sample,payment,mentions,1.0
E:domain_55b951bdd4cb,E:handle_a311475ea8ae,domain,handle,co_mentions,1.0
E:domain_55b951bdd4cb,E:payment_2a3c5998eae1,domain,payment,co_mentions,1.0
E:handle_a311475ea8ae,E:payment_2a3c5998eae1,handle,payment,co_mentions,1.0
S:demo_0447,E:handle_4b58b3d847dc,sample,handle,mentions,1.0
S:demo_0448,E:domain_7714561130b1,sample,domain,mentions,1.0
S:demo_0448,E:handle_615d13ad995d,sample,handle,mentions,1.0
S:demo_0448,E:phone_2a0ea6da8439,sample,phone,mentions,1.0
S:demo_0448,E:payment_2a3c5998eae1,sample,payment,mentions,1.0
E:domain_7714561130b1,E:handle_615d13ad995d,domain,handle,co_mentions,1.0
E:domain_7714561130b1,E:payment_2a3c5998eae1,domain,payment,co_mentions,1.0
E:domain_7714561130b1,E:phone_2a0ea6da8439,domain,phone,co_mentions,1.0
E:handle_615d13ad995d,E:payment_2a3c5998eae1,handle,payment,co_mentions,1.0
E:handle_615d13ad995d,E:phone_2a0ea6da8439,handle,phone,co_mentions,1.0
E:payment_2a3c5998eae1,E:phone_2a0ea6da8439,payment,phone,co_mentions,1.0
S:demo_0449,E:domain_5236ffbd3194,sample,domain,mentions,1.0
S:demo_0455,E:domain_b105264a114a,sample,domain,mentions,1.0
S:demo_0457,E:domain_619b20795373,sample,domain,mentions,1.0
S:demo_0457,E:handle_3d1153eb01a1,sample,handle,mentions,1.0
S:demo_0457,E:payment_2a3c5998eae1,sample,payment,mentions,1.0
E:domain_619b20795373,E:handle_3d1153eb01a1,domain,handle,co_mentions,1.0
E:domain_619b20795373,E:payment_2a3c5998eae1,domain,payment,co_mentions,1.0
E:handle_3d1153eb01a1,E:payment_2a3c5998eae1,handle,payment,co_mentions,1.0
S:demo_0458,E:domain_22314773a043,sample,domain,mentions,1.0
S:demo_0458,E:domain_ba843e91ff0d,sample,domain,mentions,1.0
S:demo_0458,E:handle_dc2182a003b4,sample,handle,mentions,1.0
S:demo_0458,E:handle_35886cbded9a,sample,handle,mentions,1.0
E:domain_22314773a043,E:domain_ba843e91ff0d,domain,domain,co_mentions,1.0
E:domain_22314773a043,E:handle_35886cbded9a,domain,handle,co_mentions,1.0
E:domain_22314773a043,E:handle_dc2182a003b4,domain,handle,co_mentions,1.0
E:domain_ba843e91ff0d,E:handle_35886cbded9a,domain,handle,co_mentions,1.0
E:domain_ba843e91ff0d,E:handle_dc2182a003b4,domain,handle,co_mentions,1.0
E:handle_35886cbded9a,E:handle_dc2182a003b4,handle,handle,co_mentions,1.0
S:demo_0461,E:handle_615d13ad995d,sample,handle,mentions,1.0
S:demo_0461,E:payment_292bff5f1e9d,sample,payment,mentions,1.0
E:handle_615d13ad995d,E:payment_292bff5f1e9d,handle,payment,co_mentions,1.0
S:demo_0462,E:phone_4dfc04594f57,sample,phone,mentions,1.0
S:demo_0464,E:domain_22314773a043,sample,domain,mentions,1.0
S:demo_0465,E:handle_ef114051ebae,sample,handle,mentions,1.0
S:demo_0465,E:payment_2993c87b7e6d,sample,payment,mentions,1.0
E:handle_ef114051ebae,E:payment_2993c87b7e6d,handle,payment,co_mentions,1.0
S:demo_0466,E:domain_99613c0930cf,sample,domain,mentions,1.0
S:demo_0467,E:domain_99613c0930cf,sample,domain,mentions,1.0
S:demo_0467,E:handle_437f7456ac86,sample,handle,mentions,1.0
E:domain_99613c0930cf,E:handle_437f7456ac86,domain,handle,co_mentions,1.0
S:demo_0468,E:domain_cb1d01eee024,sample,domain,mentions,1.0
S:demo_0468,E:domain_7714561130b1,sample,domain,mentions,1.0
S:demo_0468,E:handle_00570065f328,sample,handle,mentions,1.0
S:demo_0468,E:handle_615d13ad995d,sample,handle,mentions,1.0
E:domain_7714561130b1,E:domain_cb1d01eee024,domain,domain,co_mentions,1.0
E:domain_7714561130b1,E:handle_00570065f328,domain,handle,co_mentions,1.0
E:domain_7714561130b1,E:handle_615d13ad995d,domain,handle,co_mentions,1.0
E:domain_cb1d01eee024,E:handle_00570065f328,domain,handle,co_mentions,1.0
E:domain_cb1d01eee024,E:handle_615d13ad995d,domain,handle,co_mentions,1.0
E:handle_00570065f328,E:handle_615d13ad995d,handle,handle,co_mentions,1.0
S:demo_0469,E:domain_0952fd5f98fe,sample,domain,mentions,1.0
S:demo_0471,E:domain_88bcbd5f2bd6,sample,domain,mentions,1.0
S:demo_0472,E:domain_99613c0930cf,sample,domain,mentions,1.0
S:demo_0472,E:handle_437f7456ac86,sample,handle,mentions,1.0
E:domain_99613c0930cf,E:handle_437f7456ac86,domain,handle,co_mentions,1.0
S:demo_0477,E:domain_c2f3c4e53716,sample,domain,mentions,1.0
S:demo_0477,E:handle_8070fe9b906d,sample,handle,mentions,1.0
S:demo_0477,E:phone_fb7b2eb06444,sample,phone,mentions,1.0
E:domain_c2f3c4e53716,E:handle_8070fe9b906d,domain,handle,co_mentions,1.0
E:domain_c2f3c4e53716,E:phone_fb7b2eb06444,domain,phone,co_mentions,1.0
E:handle_8070fe9b906d,E:phone_fb7b2eb06444,handle,phone,co_mentions,1.0
S:demo_0478,E:domain_b105264a114a,sample,domain,mentions,1.0
S:demo_0479,E:domain_75137245be36,sample,domain,mentions,1.0
S:demo_0484,E:handle_00570065f328,sample,handle,mentions,1.0
S:demo_0485,E:handle_91a959b096ff,sample,handle,mentions,1.0
S:demo_0488,E:domain_672afcae779d,sample,domain,mentions,1.0
S:demo_0488,E:handle_7f0fbfb80438,sample,handle,mentions,1.0
E:domain_672afcae779d,E:handle_7f0fbfb80438,domain,handle,co_mentions,1.0
S:demo_0489,E:domain_94afa04994aa,sample,domain,mentions,1.0
S:demo_0489,E:handle_d371034571ad,sample,handle,mentions,1.0
E:domain_94afa04994aa,E:handle_d371034571ad,domain,handle,co_mentions,1.0
S:demo_0492,E:domain_0952fd5f98fe,sample,domain,mentions,1.0
S:demo_0494,E:domain_7714561130b1,sample,domain,mentions,1.0
S:demo_0497,E:domain_55b951bdd4cb,sample,domain,mentions,1.0
S:demo_0497,E:handle_a311475ea8ae,sample,handle,mentions,1.0
E:domain_55b951bdd4cb,E:handle_a311475ea8ae,domain,handle,co_mentions,1.0
S:demo_0498,E:handle_3d56a3f81f55,sample,handle,mentions,1.0
S:demo_0498,E:payment_1f4b421b4352,sample,payment,mentions,1.0
E:handle_3d56a3f81f55,E:payment_1f4b421b4352,handle,payment,co_mentions,1.0
S:demo_0499,E:domain_75137245be36,sample,domain,mentions,1.0
S:demo_0499,E:handle_ef114051ebae,sample,handle,mentions,1.0
E:domain_75137245be36,E:handle_ef114051ebae,domain,handle,co_mentions,1.0
S:demo_0500,E:domain_7c937d9b3efa,sample,domain,mentions,1.0
S:demo_0500,E:handle_152c38dca66b,sample,handle,mentions,1.0
E:domain_7c937d9b3efa,E:handle_152c38dca66b,domain,handle,co_mentions,1.0
S:demo_0501,E:handle_91a959b096ff,sample,handle,mentions,1.0
S:demo_0502,E:domain_5236ffbd3194,sample,domain,mentions,1.0
S:demo_0502,E:handle_3d56a3f81f55,sample,handle,mentions,1.0
E:domain_5236ffbd3194,E:handle_3d56a3f81f55,domain,handle,co_mentions,1.0
S:demo_0504,E:domain_88bcbd5f2bd6,sample,domain,mentions,1.0
S:demo_0504,E:handle_e42a964c4546,sample,handle,mentions,1.0
S:demo_0504,E:phone_b33bc04812bf,sample,phone,mentions,1.0
E:domain_88bcbd5f2bd6,E:handle_e42a964c4546,domain,handle,co_mentions,1.0
E:domain_88bcbd5f2bd6,E:phone_b33bc04812bf,domain,phone,co_mentions,1.0
E:handle_e42a964c4546,E:phone_b33bc04812bf,handle,phone,co_mentions,1.0
S:demo_0508,E:domain_7c937d9b3efa,sample,domain,mentions,1.0
S:demo_0508,E:domain_672afcae779d,sample,domain,mentions,1.0
S:demo_0508,E:handle_7f0fbfb80438,sample,handle,mentions,1.0
E:domain_672afcae779d,E:domain_7c937d9b3efa,domain,domain,co_mentions,1.0
E:domain_672afcae779d,E:handle_7f0fbfb80438,domain,handle,co_mentions,1.0
E:domain_7c937d9b3efa,E:handle_7f0fbfb80438,domain,handle,co_mentions,1.0
S:demo_0509,E:handle_35886cbded9a,sample,handle,mentions,1.0
S:demo_0510,E:domain_0952fd5f98fe,sample,domain,mentions,1.0
S:demo_0511,E:phone_7d0b3cc70ced,sample,phone,mentions,1.0
S:demo_0515,E:domain_7c937d9b3efa,sample,domain,mentions,1.0
S:demo_0516,E:handle_c9429f2524f6,sample,handle,mentions,1.0
S:demo_0516,E:payment_204bf74f3466,sample,payment,mentions,1.0
E:handle_c9429f2524f6,E:payment_204bf74f3466,handle,payment,co_mentions,1.0
S:demo_0517,E:domain_cb1d01eee024,sample,domain,mentions,1.0
S:demo_0517,E:handle_00570065f328,sample,handle,mentions,1.0
S:demo_0517,E:payment_2a3c5998eae1,sample,payment,mentions,1.0
E:domain_cb1d01eee024,E:handle_00570065f328,domain,handle,co_mentions,1.0
E:domain_cb1d01eee024,E:payment_2a3c5998eae1,domain,payment,co_mentions,1.0
E:handle_00570065f328,E:payment_2a3c5998eae1,handle,payment,co_mentions,1.0
S:demo_0519,E:phone_c37a40042b30,sample,phone,mentions,1.0
S:demo_0520,E:domain_88bcbd5f2bd6,sample,domain,mentions,1.0
S:demo_0520,E:handle_b198dfd343e5,sample,handle,mentions,1.0
S:demo_0520,E:handle_e42a964c4546,sample,handle,mentions,1.0
S:demo_0520,E:payment_f7166a6ad768,sample,payment,mentions,1.0
E:domain_88bcbd5f2bd6,E:handle_b198dfd343e5,domain,handle,co_mentions,1.0
E:domain_88bcbd5f2bd6,E:handle_e42a964c4546,domain,handle,co_mentions,1.0
E:domain_88bcbd5f2bd6,E:payment_f7166a6ad768,domain,payment,co_mentions,1.0
E:handle_b198dfd343e5,E:handle_e42a964c4546,handle,handle,co_mentions,1.0
E:handle_b198dfd343e5,E:payment_f7166a6ad768,handle,payment,co_mentions,1.0
E:handle_e42a964c4546,E:payment_f7166a6ad768,handle,payment,co_mentions,1.0
S:demo_0524,E:domain_b105264a114a,sample,domain,mentions,1.0
S:demo_0528,E:domain_7714561130b1,sample,domain,mentions,1.0
S:demo_0528,E:handle_615d13ad995d,sample,handle,mentions,1.0
E:domain_7714561130b1,E:handle_615d13ad995d,domain,handle,co_mentions,1.0
S:demo_0531,E:phone_b33bc04812bf,sample,phone,mentions,1.0
S:demo_0532,E:domain_eee1960b80db,sample,domain,mentions,1.0
S:demo_0532,E:handle_71a64d7753e2,sample,handle,mentions,1.0
S:demo_0532,E:payment_2a3c5998eae1,sample,payment,mentions,1.0
E:domain_eee1960b80db,E:handle_71a64d7753e2,domain,handle,co_mentions,1.0
E:domain_eee1960b80db,E:payment_2a3c5998eae1,domain,payment,co_mentions,1.0
E:handle_71a64d7753e2,E:payment_2a3c5998eae1,handle,payment,co_mentions,1.0
S:demo_0536,E:domain_75137245be36,sample,domain,mentions,1.0
S:demo_0542,E:domain_99613c0930cf,sample,domain,mentions,1.0
S:demo_0542,E:handle_437f7456ac86,sample,handle,mentions,1.0
E:domain_99613c0930cf,E:handle_437f7456ac86,domain,handle,co_mentions,1.0
S:demo_0543,E:phone_83b54748b13d,sample,phone,mentions,1.0
S:demo_0543,E:payment_2a3c5998eae1,sample,payment,mentions,1.0
E:payment_2a3c5998eae1,E:phone_83b54748b13d,payment,phone,co_mentions,1.0
S:demo_0548,E:domain_eee1960b80db,sample,domain,mentions,1.0
S:demo_0548,E:handle_7f0fbfb80438,sample,handle,mentions,1.0
S:demo_0548,E:handle_71a64d7753e2,sample,handle,mentions,1.0
S:demo_0548,E:payment_47e127e27b40,sample,payment,mentions,1.0
E:domain_eee1960b80db,E:handle_71a64d7753e2,domain,handle,co_mentions,1.0
E:domain_eee1960b80db,E:handle_7f0fbfb80438,domain,handle,co_mentions,1.0
E:domain_eee1960b80db,E:payment_47e127e27b40,domain,payment,co_mentions,1.0
E:handle_71a64d7753e2,E:handle_7f0fbfb80438,handle,handle,co_mentions,1.0
E:handle_71a64d7753e2,E:payment_47e127e27b40,handle,payment,co_mentions,1.0
E:handle_7f0fbfb80438,E:payment_47e127e27b40,handle,payment,co_mentions,1.0
S:demo_0549,E:domain_619b20795373,sample,domain,mentions,1.0
S:demo_0549,E:handle_3d1153eb01a1,sample,handle,mentions,1.0
S:demo_0549,E:phone_b33bc04812bf,sample,phone,mentions,1.0
S:demo_0549,E:payment_2a3c5998eae1,sample,payment,mentions,1.0
E:domain_619b20795373,E:handle_3d1153eb01a1,domain,handle,co_mentions,1.0
E:domain_619b20795373,E:payment_2a3c5998eae1,domain,payment,co_mentions,1.0
E:domain_619b20795373,E:phone_b33bc04812bf,domain,phone,co_mentions,1.0
E:handle_3d1153eb01a1,E:payment_2a3c5998eae1,handle,payment,co_mentions,1.0
E:handle_3d1153eb01a1,E:phone_b33bc04812bf,handle,phone,co_mentions,1.0
E:payment_2a3c5998eae1,E:phone_b33bc04812bf,payment,phone,co_mentions,1.0
S:demo_0551,E:handle_e42a964c4546,sample,handle,mentions,1.0
S:demo_0552,E:handle_7f0fbfb80438,sample,handle,mentions,1.0
S:demo_0552,E:payment_47e127e27b40,sample,payment,mentions,1.0
E:handle_7f0fbfb80438,E:payment_47e127e27b40,handle,payment,co_mentions,1.0
S:demo_0553,E:phone_c37a40042b30,sample,phone,mentions,1.0
S:demo_0554,E:domain_7c937d9b3efa,sample,domain,mentions,1.0
S:demo_0555,E:handle_91a959b096ff,sample,handle,mentions,1.0
S:demo_0556,E:handle_8070fe9b906d,sample,handle,mentions,1.0
S:demo_0557,E:domain_7d44ced2cb16,sample,domain,mentions,1.0
S:demo_0558,E:domain_5236ffbd3194,sample,domain,mentions,1.0
S:demo_0558,E:handle_3d56a3f81f55,sample,handle,mentions,1.0
S:demo_0558,E:payment_2a3c5998eae1,sample,payment,mentions,1.0
E:domain_5236ffbd3194,E:handle_3d56a3f81f55,domain,handle,co_mentions,1.0
E:domain_5236ffbd3194,E:payment_2a3c5998eae1,domain,payment,co_mentions,1.0
E:handle_3d56a3f81f55,E:payment_2a3c5998eae1,handle,payment,co_mentions,1.0
S:demo_0559,E:domain_d11c50e63e4f,sample,domain,mentions,1.0
S:demo_0560,E:handle_437f7456ac86,sample,handle,mentions,1.0
S:demo_0560,E:payment_7013ec24ce15,sample,payment,mentions,1.0
E:handle_437f7456ac86,E:payment_7013ec24ce15,handle,payment,co_mentions,1.0
S:demo_0562,E:handle_d371034571ad,sample,handle,mentions,1.0
S:demo_0565,E:handle_437f7456ac86,sample,handle,mentions,1.0
S:demo_0566,E:domain_c2f3c4e53716,sample,domain,mentions,1.0
S:demo_0566,E:handle_a311475ea8ae,sample,handle,mentions,1.0
S:demo_0566,E:handle_8070fe9b906d,sample,handle,mentions,1.0
S:demo_0566,E:payment_f6871c1e120a,sample,payment,mentions,1.0
E:domain_c2f3c4e53716,E:handle_8070fe9b906d,domain,handle,co_mentions,1.0
E:domain_c2f3c4e53716,E:handle_a311475ea8ae,domain,handle,co_mentions,1.0
E:domain_c2f3c4e53716,E:payment_f6871c1e120a,domain,payment,co_mentions,1.0
E:handle_8070fe9b906d,E:handle_a311475ea8ae,handle,handle,co_mentions,1.0
E:handle_8070fe9b906d,E:payment_f6871c1e120a,handle,payment,co_mentions,1.0
E:handle_a311475ea8ae,E:payment_f6871c1e120a,handle,payment,co_mentions,1.0
S:demo_0567,E:domain_94afa04994aa,sample,domain,mentions,1.0
S:demo_0571,E:domain_672afcae779d,sample,domain,mentions,1.0
S:demo_0571,E:handle_7f0fbfb80438,sample,handle,mentions,1.0
E:domain_672afcae779d,E:handle_7f0fbfb80438,domain,handle,co_mentions,1.0
S:demo_0574,E:domain_cb1d01eee024,sample,domain,mentions,1.0
S:demo_0574,E:domain_75137245be36,sample,domain,mentions,1.0
S:demo_0574,E:handle_ef114051ebae,sample,handle,mentions,1.0
E:domain_75137245be36,E:domain_cb1d01eee024,domain,domain,co_mentions,1.0
E:domain_75137245be36,E:handle_ef114051ebae,domain,handle,co_mentions,1.0
E:domain_cb1d01eee024,E:handle_ef114051ebae,domain,handle,co_mentions,1.0
S:demo_0575,E:domain_cb1d01eee024,sample,domain,mentions,1.0
S:demo_0576,E:domain_b105264a114a,sample,domain,mentions,1.0
S:demo_0576,E:domain_672afcae779d,sample,domain,mentions,1.0
S:demo_0576,E:handle_91a959b096ff,sample,handle,mentions,1.0
S:demo_0576,E:handle_7f0fbfb80438,sample,handle,mentions,1.0
S:demo_0576,E:payment_384279a64bc8,sample,payment,mentions,1.0
E:domain_672afcae779d,E:domain_b105264a114a,domain,domain,co_mentions,1.0
E:domain_672afcae779d,E:handle_7f0fbfb80438,domain,handle,co_mentions,1.0
E:domain_672afcae779d,E:handle_91a959b096ff,domain,handle,co_mentions,1.0
E:domain_672afcae779d,E:payment_384279a64bc8,domain,payment,co_mentions,1.0
E:domain_b105264a114a,E:handle_7f0fbfb80438,domain,handle,co_mentions,1.0
E:domain_b105264a114a,E:handle_91a959b096ff,domain,handle,co_mentions,1.0
E:domain_b105264a114a,E:payment_384279a64bc8,domain,payment,co_mentions,1.0
E:handle_7f0fbfb80438,E:handle_91a959b096ff,handle,handle,co_mentions,1.0
E:handle_7f0fbfb80438,E:payment_384279a64bc8,handle,payment,co_mentions,1.0
E:handle_91a959b096ff,E:payment_384279a64bc8,handle,payment,co_mentions,1.0
S:demo_0577,E:phone_b4fb838c1acc,sample,phone,mentions,1.0
S:demo_0578,E:domain_0952fd5f98fe,sample,domain,mentions,1.0
S:demo_0578,E:handle_4b58b3d847dc,sample,handle,mentions,1.0
E:domain_0952fd5f98fe,E:handle_4b58b3d847dc,domain,handle,co_mentions,1.0
S:demo_0580,E:handle_91a959b096ff,sample,handle,mentions,1.0
S:demo_0581,E:domain_7c937d9b3efa,sample,domain,mentions,1.0
S:demo_0584,E:domain_0952fd5f98fe,sample,domain,mentions,1.0
S:demo_0584,E:handle_4b58b3d847dc,sample,handle,mentions,1.0
E:domain_0952fd5f98fe,E:handle_4b58b3d847dc,domain,handle,co_mentions,1.0
S:demo_0585,E:domain_22314773a043,sample,domain,mentions,1.0
S:demo_0587,E:domain_22314773a043,sample,domain,mentions,1.0
S:demo_0587,E:handle_3d56a3f81f55,sample,handle,mentions,1.0
S:demo_0587,E:handle_dc2182a003b4,sample,handle,mentions,1.0
S:demo_0587,E:payment_1f4b421b4352,sample,payment,mentions,1.0
E:domain_22314773a043,E:handle_3d56a3f81f55,domain,handle,co_mentions,1.0
E:domain_22314773a043,E:handle_dc2182a003b4,domain,handle,co_mentions,1.0
E:domain_22314773a043,E:payment_1f4b421b4352,domain,payment,co_mentions,1.0
E:handle_3d56a3f81f55,E:handle_dc2182a003b4,handle,handle,co_mentions,1.0
E:handle_3d56a3f81f55,E:payment_1f4b421b4352,handle,payment,co_mentions,1.0
E:handle_dc2182a003b4,E:payment_1f4b421b4352,handle,payment,co_mentions,1.0
S:demo_0588,E:domain_7d44ced2cb16,sample,domain,mentions,1.0
S:demo_0588,E:domain_7714561130b1,sample,domain,mentions,1.0
S:demo_0588,E:handle_f8622e7e1bf8,sample,handle,mentions,1.0
S:demo_0588,E:handle_615d13ad995d,sample,handle,mentions,1.0
S:demo_0588,E:payment_2a3c5998eae1,sample,payment,mentions,1.0
E:domain_7714561130b1,E:domain_7d44ced2cb16,domain,domain,co_mentions,1.0
E:domain_7714561130b1,E:handle_615d13ad995d,domain,handle,co_mentions,1.0
E:domain_7714561130b1,E:handle_f8622e7e1bf8,domain,handle,co_mentions,1.0
E:domain_7714561130b1,E:payment_2a3c5998eae1,domain,payment,co_mentions,1.0
E:domain_7d44ced2cb16,E:handle_615d13ad995d,domain,handle,co_mentions,1.0
E:domain_7d44ced2cb16,E:handle_f8622e7e1bf8,domain,handle,co_mentions,1.0
E:domain_7d44ced2cb16,E:payment_2a3c5998eae1,domain,payment,co_mentions,1.0
E:handle_615d13ad995d,E:handle_f8622e7e1bf8,handle,handle,co_mentions,1.0
E:handle_615d13ad995d,E:payment_2a3c5998eae1,handle,payment,co_mentions,1.0
E:handle_f8622e7e1bf8,E:payment_2a3c5998eae1,handle,payment,co_mentions,1.0
S:demo_0589,E:domain_55b951bdd4cb,sample,domain,mentions,1.0
S:demo_0595,E:domain_eee1960b80db,sample,domain,mentions,1.0
S:demo_0595,E:handle_437f7456ac86,sample,handle,mentions,1.0
S:demo_0595,E:handle_71a64d7753e2,sample,handle,mentions,1.0
S:demo_0595,E:payment_7013ec24ce15,sample,payment,mentions,1.0
E:domain_eee1960b80db,E:handle_437f7456ac86,domain,handle,co_mentions,1.0
E:domain_eee1960b80db,E:handle_71a64d7753e2,domain,handle,co_mentions,1.0
E:domain_eee1960b80db,E:payment_7013ec24ce15,domain,payment,co_mentions,1.0
E:handle_437f7456ac86,E:handle_71a64d7753e2,handle,handle,co_mentions,1.0
E:handle_437f7456ac86,E:payment_7013ec24ce15,handle,payment,co_mentions,1.0
E:handle_71a64d7753e2,E:payment_7013ec24ce15,handle,payment,co_mentions,1.0
S:demo_0597,E:domain_7d44ced2cb16,sample,domain,mentions,1.0
S:demo_0597,E:domain_ba843e91ff0d,sample,domain,mentions,1.0
S:demo_0597,E:handle_f8622e7e1bf8,sample,handle,mentions,1.0
S:demo_0597,E:handle_35886cbded9a,sample,handle,mentions,1.0
E:domain_7d44ced2cb16,E:domain_ba843e91ff0d,domain,domain,co_mentions,1.0
E:domain_7d44ced2cb16,E:handle_35886cbded9a,domain,handle,co_mentions,1.0
E:domain_7d44ced2cb16,E:handle_f8622e7e1bf8,domain,handle,co_mentions,1.0
E:domain_ba843e91ff0d,E:handle_35886cbded9a,domain,handle,co_mentions,1.0
E:domain_ba843e91ff0d,E:handle_f8622e7e1bf8,domain,handle,co_mentions,1.0
E:handle_35886cbded9a,E:handle_f8622e7e1bf8,handle,handle,co_mentions,1.0
S:demo_0598,E:domain_619b20795373,sample,domain,mentions,1.0
S:demo_0598,E:handle_3d1153eb01a1,sample,handle,mentions,1.0
E:domain_619b20795373,E:handle_3d1153eb01a1,domain,handle,co_mentions,1.0
S:demo_0600,E:domain_d11c50e63e4f,sample,domain,mentions,1.0
S:demo_0600,E:handle_c9429f2524f6,sample,handle,mentions,1.0
S:demo_0600,E:phone_2a0ea6da8439,sample,phone,mentions,1.0
E:domain_d11c50e63e4f,E:handle_c9429f2524f6,domain,handle,co_mentions,1.0
E:domain_d11c50e63e4f,E:phone_2a0ea6da8439,domain,phone,co_mentions,1.0
E:handle_c9429f2524f6,E:phone_2a0ea6da8439,handle,phone,co_mentions,1.0
S:demo_0601,E:domain_ba843e91ff0d,sample,domain,mentions,1.0
S:demo_0601,E:handle_35886cbded9a,sample,handle,mentions,1.0
E:domain_ba843e91ff0d,E:handle_35886cbded9a,domain,handle,co_mentions,1.0
S:demo_0602,E:domain_b105264a114a,sample,domain,mentions,1.0
S:demo_0602,E:domain_5236ffbd3194,sample,domain,mentions,1.0
S:demo_0602,E:handle_3d56a3f81f55,sample,handle,mentions,1.0
E:domain_5236ffbd3194,E:domain_b105264a114a,domain,domain,co_mentions,1.0
E:domain_5236ffbd3194,E:handle_3d56a3f81f55,domain,handle,co_mentions,1.0
E:domain_b105264a114a,E:handle_3d56a3f81f55,domain,handle,co_mentions,1.0
S:demo_0603,E:domain_88bcbd5f2bd6,sample,domain,mentions,1.0
S:demo_0603,E:handle_e42a964c4546,sample,handle,mentions,1.0
S:demo_0603,E:payment_9fd291f71e30,sample,payment,mentions,1.0
E:domain_88bcbd5f2bd6,E:handle_e42a964c4546,domain,handle,co_mentions,1.0
E:domain_88bcbd5f2bd6,E:payment_9fd291f71e30,domain,payment,co_mentions,1.0
E:handle_e42a964c4546,E:payment_9fd291f71e30,handle,payment,co_mentions,1.0
S:demo_0604,E:domain_d11c50e63e4f,sample,domain,mentions,1.0
S:demo_0604,E:handle_c9429f2524f6,sample,handle,mentions,1.0
E:domain_d11c50e63e4f,E:handle_c9429f2524f6,domain,handle,co_mentions,1.0
S:demo_0605,E:domain_0836d5326ce9,sample,domain,mentions,1.0
S:demo_0605,E:handle_07903f01d0be,sample,handle,mentions,1.0
E:domain_0836d5326ce9,E:handle_07903f01d0be,domain,handle,co_mentions,1.0
S:demo_0606,E:handle_3d56a3f81f55,sample,handle,mentions,1.0
S:demo_0607,E:handle_437f7456ac86,sample,handle,mentions,1.0
S:demo_0607,E:payment_7013ec24ce15,sample,payment,mentions,1.0
E:handle_437f7456ac86,E:payment_7013ec24ce15,handle,payment,co_mentions,1.0
S:demo_0611,E:phone_1e4bc9171073,sample,phone,mentions,1.0
S:demo_0611,E:payment_2a3c5998eae1,sample,payment,mentions,1.0
E:payment_2a3c5998eae1,E:phone_1e4bc9171073,payment,phone,co_mentions,1.0
S:demo_0613,E:domain_473d7ffa3698,sample,domain,mentions,1.0
S:demo_0615,E:domain_5236ffbd3194,sample,domain,mentions,1.0
S:demo_0616,E:domain_88bcbd5f2bd6,sample,domain,mentions,1.0
S:demo_0616,E:handle_e42a964c4546,sample,handle,mentions,1.0
E:domain_88bcbd5f2bd6,E:handle_e42a964c4546,domain,handle,co_mentions,1.0
S:demo_0617,E:domain_473d7ffa3698,sample,domain,mentions,1.0
S:demo_0619,E:domain_cb1d01eee024,sample,domain,mentions,1.0
S:demo_0619,E:handle_00570065f328,sample,handle,mentions,1.0
S:demo_0619,E:phone_79233317752e,sample,phone,mentions,1.0
E:domain_cb1d01eee024,E:handle_00570065f328,domain,handle,co_mentions,1.0
E:domain_cb1d01eee024,E:phone_79233317752e,domain,phone,co_mentions,1.0
E:handle_00570065f328,E:phone_79233317752e,handle,phone,co_mentions,1.0
