sample_id,entity_type,masked_entity,canonical_hash,cluster_id
demo_0002,handle,handle_91a959b096ff,fc433fb070377546,C295
demo_0002,payment,payment_b93a877656b3,fc7694229ecf4005,C295
demo_0003,domain,domain_b105264a114a,055147514ab335c2,C295
demo_0005,handle,handle_c9429f2524f6,cb6170f5af163089,C295
demo_0005,payment,payment_204bf74f3466,ff9fbdd0259413fb,C295
demo_0006,domain,domain_99613c0930cf,e9a4f6a10d6657ba,C295
demo_0006,handle,handle_437f7456ac86,14ed87768b3b3403,C295
demo_0007,domain,domain_672afcae779d,3389d7e8ab3e52cd,C295
demo_0007,handle,handle_7f0fbfb80438,a9dd2237e4853237,C295
demo_0007,phone,phone_8171264967cc,2b45e7aac27f1c6c,C295
demo_0008,phone,phone_83b54748b13d,1bc336c061d4ff76,C295
demo_0009,domain,domain_b105264a114a,055147514ab335c2,C295
demo_0009,domain,domain_0952fd5f98fe,0578cb591a66585a,C295
demo_0009,handle,handle_91a959b096ff,fc433fb070377546,C295
demo_0009,handle,handle_4b58b3d847dc,ac28896ec830584d,C295
demo_0011,domain,domain_55b951bdd4cb,b829f0e2d2908b32,C295
demo_0011,handle,handle_a311475ea8ae,d50e6577da86db99,C295
demo_0012,domain,domain_99613c0930cf,e9a4f6a10d6657ba,C295
demo_0012,domain,domain_672afcae779d,3389d7e8ab3e52cd,C295
demo_0012,handle,handle_437f7456ac86,14ed87768b3b3403,C295
demo_0012,handle,handle_7f0fbfb80438,a9dd2237e4853237,C295
demo_0012,payment,payment_2a3c5998eae1,73c74821568f6260,C295
demo_0015,handle,handle_91a959b096ff,fc433fb070377546,C295
demo_0020,domain,domain_619b20795373,2b59d4b1cd1b96c4,C295
demo_0020,handle,handle_3d1153eb01a1,0cb2739186218739,C295
demo_0020,phone,phone_2d3ae971d084,467dee676fba0224,C295
demo_0021,handle,handle_e42a964c4546,b1a2cba0056b6f18,C295
demo_0024,domain,domain_9d6ffb90405c,f8d08e620bf27004,C164
demo_0025,domain,domain_99613c0930cf,e9a4f6a10d6657ba,C295
demo_0025,handle,handle_437f7456ac86,14ed87768b3b3403,C295
demo_0025,phone,phone_71772042ff6d,15aba1a5c6b70d91,C295
demo_0026,domain,domain_7c937d9b3efa,02e5b4a3c9760740,C295
demo_0026,handle,handle_152c38dca66b,c4bf8a5911610ba1,C295
demo_0027,handle,handle_ef114051ebae,4906663885289406,C295
demo_0029,domain,domain_88bcbd5f2bd6,847974cae0bcedd7,C295
demo_0031,domain,domain_22314773a043,a43154d94ad6e547,C295
demo_0036,handle,handle_7f0fbfb80438,a9dd2237e4853237,C295
demo_0037,handle,handle_7f0fbfb80438,a9dd2237e4853237,C295
demo_0043,domain,domain_9d6ffb90405c,f8d08e620bf27004,C164
demo_0043,handle,handle_49fd4db7e092,17cd1e9b318d2849,C164
demo_0045,domain,domain_619b20795373,2b59d4b1cd1b96c4,C295
demo_0046,handle,handle_437f7456ac86,14ed87768b3b3403,C295
demo_0047,domain,domain_99613c0930cf,e9a4f6a10d6657ba,C295
demo_0047,handle,handle_437f7456ac86,14ed87768b3b3403,C295
demo_0048,domain,domain_672afcae779d,3389d7e8ab3e52cd,C295
demo_0048,handle,handle_7f0fbfb80438,a9dd2237e4853237,C295
demo_0050,handle,handle_3d1153eb01a1,0cb2739186218739,C295
demo_0051,domain,domain_7d44ced2cb16,919fe1c405412444,C295
demo_0051,handle,handle_f8622e7e1bf8,6f768de2d51e674e,C295
demo_0052,domain,domain_eee1960b80db,ec51eb4b41decc46,C295
demo_0052,handle,handle_71a64d7753e2,6d177b48044d77bf,C295
demo_0053,domain,domain_88bcbd5f2bd6,847974cae0bcedd7,C295
demo_0057,domain,domain_22314773a043,a43154d94ad6e547,C295
demo_0058,handle,handle_ef114051ebae,4906663885289406,C295
demo_0058,payment,payment_2993c87b7e6d,abe1d67df9152281,C295
demo_0060,domain,domain_b105264a114a,055147514ab335c2,C295
demo_0061,domain,domain_473d7ffa3698,9ac169be7d7bebee,C295
demo_0063,domain,domain_473d7ffa3698,9ac169be7d7bebee,C295
demo_0063,handle,handle_b198dfd343e5,61e4fb19b3fcd38e,C295
demo_0066,handle,handle_7f0fbfb80438,a9dd2237e4853237,C295
demo_0070,domain,domain_672afcae779d,3389d7e8ab3e52cd,C295
demo_0071,domain,domain_473d7ffa3698,9ac169be7d7bebee,C295
demo_0071,handle,handle_b198dfd343e5,61e4fb19b3fcd38e,C295
demo_0071,payment,payment_9fd291f71e30,c373fd4af7e6763a,C295
demo_0072,handle,handle_7f0fbfb80438,a9dd2237e4853237,C295
demo_0073,handle,handle_437f7456ac86,14ed87768b3b3403,C295
demo_0075,domain,domain_5236ffbd3194,638549ef2733ab2b,C295
demo_0076,handle,handle_437f7456ac86,14ed87768b3b3403,C295
demo_0079,phone,phone_b4fb838c1acc,5e44727a28a14180,C295
demo_0080,domain,domain_99613c0930cf,e9a4f6a10d6657ba,C295
demo_0080,handle,handle_437f7456ac86,14ed87768b3b3403,C295
demo_0082,domain,domain_b105264a114a,055147514ab335c2,C295
demo_0082,handle,handle_91a959b096ff,fc433fb070377546,C295
demo_0082,payment,payment_2a3c5998eae1,73c74821568f6260,C295
demo_0083,domain,domain_0836d5326ce9,cb6f0ab2b9feef86,C295
demo_0083,handle,handle_07903f01d0be,e681e9a39eee447c,C295
demo_0085,domain,domain_0952fd5f98fe,0578cb591a66585a,C295
demo_0086,domain,domain_672afcae779d,3389d7e8ab3e52cd,C295
demo_0086,handle,handle_7f0fbfb80438,a9dd2237e4853237,C295
demo_0088,handle,handle_3d56a3f81f55,5f2bf27637a45190,C295
demo_0089,domain,domain_5236ffbd3194,638549ef2733ab2b,C295
demo_0092,handle,handle_dc2182a003b4,40e110f013fd4fd0,C295
demo_0093,domain,domain_b105264a114a,055147514ab335c2,C295
demo_0095,domain,domain_b105264a114a,055147514ab335c2,C295
demo_0095,handle,handle_91a959b096ff,fc433fb070377546,C295
demo_0098,domain,domain_7c937d9b3efa,02e5b4a3c9760740,C295
demo_0098,domain,domain_5236ffbd3194,638549ef2733ab2b,C295
demo_0098,handle,handle_3d56a3f81f55,5f2bf27637a45190,C295
demo_0100,domain,domain_75137245be36,cc78f62585ef4bd1,C295
demo_0100,domain,domain_7c937d9b3efa,02e5b4a3c9760740,C295
demo_0100,handle,handle_ef114051ebae,4906663885289406,C295
demo_0100,handle,handle_152c38dca66b,c4bf8a5911610ba1,C295
demo_0100,payment,payment_2a3c5998eae1,73c74821568f6260,C295
demo_0102,domain,domain_99613c0930cf,e9a4f6a10d6657ba,C295
demo_0102,handle,handle_437f7456ac86,14ed87768b3b3403,C295
demo_0104,handle,handle_f8622e7e1bf8,6f768de2d51e674e,C295
demo_0106,domain,domain_b105264a114a,055147514ab335c2,C295
demo_0106,handle,handle_91a959b096ff,fc433fb070377546,C295
demo_0107,domain,domain_7c937d9b3efa,02e5b4a3c9760740,C295
demo_0109,domain,domain_619b20795373,2b59d4b1cd1b96c4,C295
demo_0111,handle,handle_f8622e7e1bf8,6f768de2d51e674e,C295
demo_0113,domain,domain_672afcae779d,3389d7e8ab3e52cd,C295
demo_0113,handle,handle_7f0fbfb80438,a9dd2237e4853237,C295
demo_0114,domain,domain_22314773a043,a43154d94ad6e547,C295
demo_0117,handle,handle_07903f01d0be,e681e9a39eee447c,C295
demo_0118,domain,domain_88bcbd5f2bd6,847974cae0bcedd7,C295
demo_0119,handle,handle_4b58b3d847dc,ac28896ec830584d,C295
demo_0120,phone,phone_2d3ae971d084,467dee676fba0224,C295
demo_0122,handle,handle_3d56a3f81f55,5f2bf27637a45190,C295
demo_0126,handle,handle_437f7456ac86,14ed87768b3b3403,C295
demo_0128,domain,domain_672afcae779d,3389d7e8ab3e52cd,C295
demo_0128,handle,handle_7f0fbfb80438,a9dd2237e4853237,C295
demo_0129,domain,domain_99613c0930cf,e9a4f6a10d6657ba,C295
demo_0129,domain,domain_22314773a043,a43154d94ad6e547,C295
demo_0129,handle,handle_437f7456ac86,14ed87768b3b3403,C295
demo_0129,handle,handle_dc2182a003b4,40e110f013fd4fd0,C295
demo_0130,domain,domain_cb1d01eee024,d4453f1a0529cac1,C295
demo_0132,handle,handle_152c38dca66b,c4bf8a5911610ba1,C295
demo_0135,domain,domain_c2f3c4e53716,8ad8b820061e7e60,C295
demo_0135,handle,handle_8070fe9b906d,2b7850a23b2640fc,C295
demo_0136,handle,handle_ef114051ebae,4906663885289406,C295
demo_0137,domain,domain_473d7ffa3698,9ac169be7d7bebee,C295
demo_0138,handle,handle_7f0fbfb80438,a9dd2237e4853237,C295
demo_0138,payment,payment_47e127e27b40,9276a0bca6df82f8,C295
demo_0139,domain,domain_7c937d9b3efa,02e5b4a3c9760740,C295
demo_0139,handle,handle_152c38dca66b,c4bf8a5911610ba1,C295
demo_0143,domain,domain_c2f3c4e53716,8ad8b820061e7e60,C295
demo_0143,domain,domain_99613c0930cf,e9a4f6a10d6657ba,C295
demo_0143,handle,handle_8070fe9b906d,2b7850a23b2640fc,C295
demo_0143,handle,handle_437f7456ac86,14ed87768b3b3403,C295
demo_0144,phone,phone_8171264967cc,2b45e7aac27f1c6c,C295
demo_0144,payment,payment_2a3c5998eae1,73c74821568f6260,C295
demo_0145,domain,domain_473d7ffa3698,9ac169be7d7bebee,C295
demo_0145,handle,handle_b198dfd343e5,61e4fb19b3fcd38e,C295
demo_0148,domain,domain_7c937d9b3efa,02e5b4a3c9760740,C295
demo_0149,domain,domain_0952fd5f98fe,0578cb591a66585a,C295
demo_0150,domain,domain_672afcae779d,3389d7e8ab3e52cd,C295
demo_0150,handle,handle_7f0fbfb80438,a9dd2237e4853237,C295
demo_0150,payment,payment_2a3c5998eae1,73c74821568f6260,C295
demo_0151,domain,domain_55b951bdd4cb,b829f0e2d2908b32,C295
demo_0152,domain,domain_eee1960b80db,ec51eb4b41decc46,C295
demo_0152,handle,handle_71a64d7753e2,6d177b48044d77bf,C295
demo_0153,domain,domain_5236ffbd3194,638549ef2733ab2b,C295
demo_0154,domain,domain_99613c0930cf,e9a4f6a10d6657ba,C295
demo_0155,domain,domain_619b20795373,2b59d4b1cd1b96c4,C295
demo_0156,domain,domain_5236ffbd3194,638549ef2733ab2b,C295
demo_0158,domain,domain_672afcae779d,3389d7e8ab3e52cd,C295
demo_0159,domain,domain_672afcae779d,3389d7e8ab3e52cd,C295
demo_0159,handle,handle_7f0fbfb80438,a9dd2237e4853237,C295
demo_0161,domain,domain_473d7ffa3698,9ac169be7d7bebee,C295
demo_0161,handle,handle_b198dfd343e5,61e4fb19b3fcd38e,C295
demo_0162,domain,domain_ba843e91ff0d,2e0a969c689e0551,C295
demo_0166,domain,domain_99613c0930cf,e9a4f6a10d6657ba,C295
demo_0167,domain,domain_473d7ffa3698,9ac169be7d7bebee,C295
demo_0167,handle,handle_b198dfd343e5,61e4fb19b3fcd38e,C295
demo_0168,domain,domain_cb1d01eee024,d4453f1a0529cac1,C295
demo_0168,handle,handle_00570065f328,48ff02664fd30300,C295
demo_0168,phone,phone_79233317752e,74dd85b1e664000b,C295
demo_0169,domain,domain_b105264a114a,055147514ab335c2,C295
demo_0169,domain,domain_5236ffbd3194,638549ef2733ab2b,C295
demo_0169,handle,handle_91a959b096ff,fc433fb070377546,C295
demo_0169,handle,handle_3d56a3f81f55,5f2bf27637a45190,C295
demo_0171,phone,phone_f6d804d43b1b,6ceedcdfe11d04a4,C074
demo_0173,domain,domain_22314773a043,a43154d94ad6e547,C295
demo_0173,handle,handle_dc2182a003b4,40e110f013fd4fd0,C295
demo_0173,phone,phone_1e4bc9171073,a4efe988ddc22ef3,C295
demo_0174,domain,domain_99613c0930cf,e9a4f6a10d6657ba,C295
demo_0177,domain,domain_672afcae779d,3389d7e8ab3e52cd,C295
demo_0178,domain,domain_7714561130b1,e5b8141dcb1cf849,C295
demo_0178,handle,handle_615d13ad995d,1a6269439f325b47,C295
demo_0180,handle,handle_152c38dca66b,c4bf8a5911610ba1,C295
demo_0182,domain,domain_88bcbd5f2bd6,847974cae0bcedd7,C295
demo_0182,handle,handle_e42a964c4546,b1a2cba0056b6f18,C295
demo_0183,domain,domain_0836d5326ce9,cb6f0ab2b9feef86,C295
demo_0183,domain,domain_619b20795373,2b59d4b1cd1b96c4,C295
demo_0183,handle,handle_3d1153eb01a1,0cb2739186218739,C295
demo_0185,domain,domain_7d44ced2cb16,919fe1c405412444,C295
demo_0186,domain,domain_eee1960b80db,ec51eb4b41decc46,C295
demo_0186,handle,handle_71a64d7753e2,6d177b48044d77bf,C295
demo_0186,phone,phone_1e4bc9171073,a4efe988ddc22ef3,C295
demo_0190,domain,domain_672afcae779d,3389d7e8ab3e52cd,C295
demo_0190,domain,domain_0836d5326ce9,cb6f0ab2b9feef86,C295
demo_0190,handle,handle_7f0fbfb80438,a9dd2237e4853237,C295
demo_0190,handle,handle_07903f01d0be,e681e9a39eee447c,C295
demo_0192,domain,domain_0952fd5f98fe,0578cb591a66585a,C295
demo_0196,domain,domain_0836d5326ce9,cb6f0ab2b9feef86,C295
demo_0200,handle,handle_3d1153eb01a1,0cb2739186218739,C295
demo_0201,handle,handle_7f0fbfb80438,a9dd2237e4853237,C295
demo_0201,payment,payment_47e127e27b40,9276a0bca6df82f8,C295
demo_0203,domain,domain_b105264a114a,055147514ab335c2,C295
demo_0203,handle,handle_91a959b096ff,fc433fb070377546,C295
demo_0204,domain,domain_75137245be36,cc78f62585ef4bd1,C295
demo_0204,domain,domain_c2f3c4e53716,8ad8b820061e7e60,C295
demo_0204,handle,handle_8070fe9b906d,2b7850a23b2640fc,C295
demo_0205,handle,handle_c9429f2524f6,cb6170f5af163089,C295
demo_0205,payment,payment_204bf74f3466,ff9fbdd0259413fb,C295
demo_0207,domain,domain_7c937d9b3efa,02e5b4a3c9760740,C295
demo_0207,handle,handle_152c38dca66b,c4bf8a5911610ba1,C295
demo_0207,phone,phone_40d1d905b583,107a19af43f00216,C295
demo_0208,domain,domain_0952fd5f98fe,0578cb591a66585a,C295
demo_0211,handle,handle_f8622e7e1bf8,6f768de2d51e674e,C295
demo_0213,domain,domain_473d7ffa3698,9ac169be7d7bebee,C295
demo_0214,handle,handle_152c38dca66b,c4bf8a5911610ba1,C295
demo_0214,payment,payment_850bf6ebfcf2,28c54ab6d5a5ee38,C295
demo_0216,domain,domain_b105264a114a,055147514ab335c2,C295
demo_0220,handle,handle_a311475ea8ae,d50e6577da86db99,C295
demo_0221,domain,domain_7c937d9b3efa,02e5b4a3c9760740,C295
demo_0221,handle,handle_152c38dca66b,c4bf8a5911610ba1,C295
demo_0222,domain,domain_0836d5326ce9,cb6f0ab2b9feef86,C295
demo_0222,domain,domain_d11c50e63e4f,26f2fff10c60b6ec,C295
demo_0222,handle,handle_07903f01d0be,e681e9a39eee447c,C295
demo_0222,handle,handle_c9429f2524f6,cb6170f5af163089,C295
demo_0222,payment,payment_2a3c5998eae1,73c74821568f6260,C295
demo_0224,handle,handle_e42a964c4546,b1a2cba0056b6f18,C295
demo_0226,domain,domain_672afcae779d,3389d7e8ab3e52cd,C295
demo_0226,handle,handle_7f0fbfb80438,a9dd2237e4853237,C295
demo_0227,domain,domain_0836d5326ce9,cb6f0ab2b9feef86,C295
demo_0227,handle,handle_07903f01d0be,e681e9a39eee447c,C295
demo_0228,handle,handle_49fd4db7e092,17cd1e9b318d2849,C164
demo_0229,domain,domain_ba843e91ff0d,2e0a969c689e0551,C295
demo_0229,handle,handle_35886cbded9a,d052333fc497fec9,C295
demo_0229,payment,payment_9fd291f71e30,c373fd4af7e6763a,C295
demo_0235,domain,domain_c2f3c4e53716,8ad8b820061e7e60,C295
demo_0237,domain,domain_7c937d9b3efa,02e5b4a3c9760740,C295
demo_0238,phone,phone_1e4bc9171073,a4efe988ddc22ef3,C295
demo_0238,payment,payment_2a3c5998eae1,73c74821568f6260,C295
demo_0240,domain,domain_c2f3c4e53716,8ad8b820061e7e60,C295
demo_0242,domain,domain_d11c50e63e4f,26f2fff10c60b6ec,C295
demo_0242,handle,handle_c9429f2524f6,cb6170f5af163089,C295
demo_0243,domain,domain_0952fd5f98fe,0578cb591a66585a,C295
demo_0243,domain,domain_5236ffbd3194,638549ef2733ab2b,C295
demo_0243,handle,handle_4b58b3d847dc,ac28896ec830584d,C295
demo_0243,handle,handle_3d56a3f81f55,5f2bf27637a45190,C295
demo_0243,payment,payment_2a3c5998eae1,73c74821568f6260,C295
demo_0244,phone,phone_8171264967cc,2b45e7aac27f1c6c,C295
demo_0246,domain,domain_b105264a114a,055147514ab335c2,C295
demo_0246,domain,domain_5236ffbd3194,638549ef2733ab2b,C295
demo_0246,handle,handle_3d56a3f81f55,5f2bf27637a45190,C295
demo_0247,domain,domain_7c937d9b3efa,02e5b4a3c9760740,C295
demo_0247,handle,handle_152c38dca66b,c4bf8a5911610ba1,C295
demo_0249,domain,domain_473d7ffa3698,9ac169be7d7bebee,C295
demo_0252,phone,phone_79233317752e,74dd85b1e664000b,C295
demo_0252,payment,payment_2a3c5998eae1,73c74821568f6260,C295
demo_0254,domain,domain_7c937d9b3efa,02e5b4a3c9760740,C295
demo_0254,handle,handle_152c38dca66b,c4bf8a5911610ba1,C295
demo_0259,handle,handle_a311475ea8ae,d50e6577da86db99,C295
demo_0263,domain,domain_0952fd5f98fe,0578cb591a66585a,C295
demo_0266,domain,domain_99613c0930cf,e9a4f6a10d6657ba,C295
demo_0266,domain,domain_22314773a043,a43154d94ad6e547,C295
demo_0266,handle,handle_dc2182a003b4,40e110f013fd4fd0,C295
demo_0268,domain,domain_88bcbd5f2bd6,847974cae0bcedd7,C295
demo_0268,handle,handle_e42a964c4546,b1a2cba0056b6f18,C295
demo_0268,payment,payment_2a3c5998eae1,73c74821568f6260,C295
demo_0270,domain,domain_5236ffbd3194,638549ef2733ab2b,C295
demo_0270,handle,handle_3d56a3f81f55,5f2bf27637a45190,C295
demo_0274,domain,domain_7d44ced2cb16,919fe1c405412444,C295
demo_0274,handle,handle_f8622e7e1bf8,6f768de2d51e674e,C295
demo_0276,handle,handle_00570065f328,48ff02664fd30300,C295
demo_0278,domain,domain_ba843e91ff0d,2e0a969c689e0551,C295
demo_0280,handle,handle_437f7456ac86,14ed87768b3b3403,C295
demo_0280,payment,payment_7013ec24ce15,215b42f0da07aaf5,C295
demo_0281,handle,handle_7f0fbfb80438,a9dd2237e4853237,C295
demo_0282,handle,handle_a311475ea8ae,d50e6577da86db99,C295
demo_0285,domain,domain_d11c50e63e4f,26f2fff10c60b6ec,C295
demo_0285,domain,domain_55b951bdd4cb,b829f0e2d2908b32,C295
demo_0285,handle,handle_c9429f2524f6,cb6170f5af163089,C295
demo_0285,handle,handle_a311475ea8ae,d50e6577da86db99,C295
demo_0287,domain,domain_ba843e91ff0d,2e0a969c689e0551,C295
demo_0287,domain,domain_d11c50e63e4f,26f2fff10c60b6ec,C295
demo_0287,handle,handle_35886cbded9a,d052333fc497fec9,C295
demo_0287,handle,handle_c9429f2524f6,cb6170f5af163089,C295
demo_0288,handle,handle_3d1153eb01a1,0cb2739186218739,C295
demo_0289,handle,handle_4b58b3d847dc,ac28896ec830584d,C295
demo_0290,domain,domain_672afcae779d,3389d7e8ab3e52cd,C295
demo_0292,domain,domain_55b951bdd4cb,b829f0e2d2908b32,C295
demo_0292,handle,handle_a311475ea8ae,d50e6577da86db99,C295
demo_0294,handle,handle_3d1153eb01a1,0cb2739186218739,C295
demo_0295,handle,handle_d371034571ad,fded7058eae61e5b,C295
demo_0296,phone,phone_06ed5039f3ba,1fc160f7d39ef979,C162
demo_0299,handle,handle_ef114051ebae,4906663885289406,C295
demo_0300,phone,phone_b4fb838c1acc,5e44727a28a14180,C295
demo_0301,domain,domain_672afcae779d,3389d7e8ab3e52cd,C295
demo_0304,domain,domain_473d7ffa3698,9ac169be7d7bebee,C295
demo_0304,handle,handle_b198dfd343e5,61e4fb19b3fcd38e,C295
demo_0308,domain,domain_cb1d01eee024,d4453f1a0529cac1,C295
demo_0308,domain,domain_94afa04994aa,641fc7bf8b87fec7,C295
demo_0308,handle,handle_00570065f328,48ff02664fd30300,C295
demo_0308,handle,handle_d371034571ad,fded7058eae61e5b,C295
demo_0308,payment,payment_2a3c5998eae1,73c74821568f6260,C295
demo_0310,domain,domain_b105264a114a,055147514ab335c2,C295
demo_0310,handle,handle_91a959b096ff,fc433fb070377546,C295
demo_0311,domain,domain_619b20795373,2b59d4b1cd1b96c4,C295
demo_0311,handle,handle_3d1153eb01a1,0cb2739186218739,C295
demo_0311,phone,phone_2d3ae971d084,467dee676fba0224,C295
demo_0311,payment,payment_2a3c5998eae1,73c74821568f6260,C295
demo_0316,handle,handle_91a959b096ff,fc433fb070377546,C295
demo_0317,domain,domain_75137245be36,cc78f62585ef4bd1,C295
demo_0320,domain,domain_c2f3c4e53716,8ad8b820061e7e60,C295
demo_0321,domain,domain_75137245be36,cc78f62585ef4bd1,C295
demo_0322,handle,handle_152c38dca66b,c4bf8a5911610ba1,C295
demo_0323,domain,domain_9d6ffb90405c,f8d08e620bf27004,C164
demo_0323,handle,handle_49fd4db7e092,17cd1e9b318d2849,C164
demo_0324,domain,domain_94afa04994aa,641fc7bf8b87fec7,C295
demo_0324,handle,handle_d371034571ad,fded7058eae61e5b,C295
demo_0328,phone,phone_a4604c38c6cb,0f82173105fc80ae,C295
demo_0328,payment,payment_2a3c5998eae1,73c74821568f6260,C295
demo_0329,handle,handle_7f0fbfb80438,a9dd2237e4853237,C295
demo_0329,payment,payment_47e127e27b40,9276a0bca6df82f8,C295
demo_0332,handle,handle_3d1153eb01a1,0cb2739186218739,C295
demo_0333,domain,domain_7d44ced2cb16,919fe1c405412444,C295
demo_0333,handle,handle_f8622e7e1bf8,6f768de2d51e674e,C295
demo_0333,phone,phone_2a0ea6da8439,7c743ae786a94e08,C295
demo_0335,domain,domain_b105264a114a,055147514ab335c2,C295
demo_0337,domain,domain_22314773a043,a43154d94ad6e547,C295
demo_0339,domain,domain_d11c50e63e4f,26f2fff10c60b6ec,C295
demo_0339,handle,handle_c9429f2524f6,cb6170f5af163089,C295
demo_0341,domain,domain_672afcae779d,3389d7e8ab3e52cd,C295
demo_0342,domain,domain_b105264a114a,055147514ab335c2,C295
demo_0342,handle,handle_91a959b096ff,fc433fb070377546,C295
demo_0343,domain,domain_55b951bdd4cb,b829f0e2d2908b32,C295
demo_0345,domain,domain_5236ffbd3194,638549ef2733ab2b,C295
demo_0345,handle,handle_3d56a3f81f55,5f2bf27637a45190,C295
demo_0347,phone,phone_06ed5039f3ba,1fc160f7d39ef979,C162
demo_0348,domain,domain_94afa04994aa,641fc7bf8b87fec7,C295
demo_0348,handle,handle_d371034571ad,fded7058eae61e5b,C295
demo_0348,payment,payment_2a3c5998eae1,73c74821568f6260,C295
demo_0350,domain,domain_9d6ffb90405c,f8d08e620bf27004,C164
demo_0351,domain,domain_55b951bdd4cb,b829f0e2d2908b32,C295
demo_0351,handle,handle_a311475ea8ae,d50e6577da86db99,C295
demo_0352,domain,domain_672afcae779d,3389d7e8ab3e52cd,C295
demo_0352,domain,domain_eee1960b80db,ec51eb4b41decc46,C295
demo_0352,handle,handle_7f0fbfb80438,a9dd2237e4853237,C295
demo_0352,handle,handle_71a64d7753e2,6d177b48044d77bf,C295
demo_0354,domain,domain_75137245be36,cc78f62585ef4bd1,C295
demo_0355,domain,domain_88bcbd5f2bd6,847974cae0bcedd7,C295
demo_0355,handle,handle_e42a964c4546,b1a2cba0056b6f18,C295
demo_0355,payment,payment_9fd291f71e30,c373fd4af7e6763a,C295
demo_0356,domain,domain_672afcae779d,3389d7e8ab3e52cd,C295
demo_0356,handle,handle_7f0fbfb80438,a9dd2237e4853237,C295
demo_0356,payment,payment_2a3c5998eae1,73c74821568f6260,C295
demo_0357,domain,domain_88bcbd5f2bd6,847974cae0bcedd7,C295
demo_0358,domain,domain_b105264a114a,055147514ab335c2,C295
demo_0367,domain,domain_672afcae779d,3389d7e8ab3e52cd,C295
demo_0367,handle,handle_7f0fbfb80438,a9dd2237e4853237,C295
demo_0368,domain,domain_88bcbd5f2bd6,847974cae0bcedd7,C295
demo_0373,phone,phone_8171264967cc,2b45e7aac27f1c6c,C295
demo_0374,handle,handle_152c38dca66b,c4bf8a5911610ba1,C295
demo_0375,phone,phone_83b54748b13d,1bc336c061d4ff76,C295
demo_0378,handle,handle_4b58b3d847dc,ac28896ec830584d,C295
demo_0379,domain,domain_5236ffbd3194,638549ef2733ab2b,C295
demo_0379,handle,handle_3d56a3f81f55,5f2bf27637a45190,C295
demo_0379,payment,payment_2a3c5998eae1,73c74821568f6260,C295
demo_0380,handle,handle_91a959b096ff,fc433fb070377546,C295
demo_0380,payment,payment_b93a877656b3,fc7694229ecf4005,C295
demo_0381,handle,handle_35886cbded9a,d052333fc497fec9,C295
demo_0381,payment,payment_c875a74099b2,b7abd286fddc000f,C295
demo_0382,domain,domain_cb1d01eee024,d4453f1a0529cac1,C295
demo_0383,handle,handle_91a959b096ff,fc433fb070377546,C295
demo_0383,payment,payment_b93a877656b3,fc7694229ecf4005,C295
demo_0386,domain,domain_ba843e91ff0d,2e0a969c689e0551,C295
demo_0388,phone,phone_83b54748b13d,1bc336c061d4ff76,C295
demo_0388,payment,payment_2a3c5998eae1,73c74821568f6260,C295
demo_0389,domain,domain_5236ffbd3194,638549ef2733ab2b,C295
demo_0389,handle,handle_3d56a3f81f55,5f2bf27637a45190,C295
demo_0389,payment,payment_2a3c5998eae1,73c74821568f6260,C295
demo_0393,domain,domain_88bcbd5f2bd6,847974cae0bcedd7,C295
demo_0393,handle,handle_e42a964c4546,b1a2cba0056b6f18,C295
demo_0395,handle,handle_b198dfd343e5,61e4fb19b3fcd38e,C295
demo_0395,payment,payment_f7166a6ad768,6e191e52356b45eb,C295
demo_0396,domain,domain_94afa04994aa,641fc7bf8b87fec7,C295
demo_0398,phone,phone_a4604c38c6cb,0f82173105fc80ae,C295
demo_0401,handle,handle_7f0fbfb80438,a9dd2237e4853237,C295
demo_0405,phone,phone_2d3ae971d084,467dee676fba0224,C295
demo_0407,handle,handle_8070fe9b906d,2b7850a23b2640fc,C295
demo_0409,domain,domain_b105264a114a,055147514ab335c2,C295
demo_0413,domain,domain_22314773a043,a43154d94ad6e547,C295
demo_0415,domain,domain_672afcae779d,3389d7e8ab3e52cd,C295
demo_0415,handle,handle_7f0fbfb80438,a9dd2237e4853237,C295
demo_0415,phone,phone_b4fb838c1acc,5e44727a28a14180,C295
demo_0419,domain,domain_473d7ffa3698,9ac169be7d7bebee,C295
demo_0420,domain,domain_c2f3c4e53716,8ad8b820061e7e60,C295
demo_0420,handle,handle_8070fe9b906d,2b7850a23b2640fc,C295
demo_0420,phone,phone_40d1d905b583,107a19af43f00216,C295
demo_0421,domain,domain_7c937d9b3efa,02e5b4a3c9760740,C295
demo_0421,handle,handle_152c38dca66b,c4bf8a5911610ba1,C295
demo_0425,domain,domain_7714561130b1,e5b8141dcb1cf849,C295
demo_0426,domain,domain_c2f3c4e53716,8ad8b820061e7e60,C295
demo_0426,handle,handle_8070fe9b906d,2b7850a23b2640fc,C295
demo_0426,phone,phone_40d1d905b583,107a19af43f00216,C295
demo_0428,handle,handle_00570065f328,48ff02664fd30300,C295
demo_0429,domain,domain_0952fd5f98fe,0578cb591a66585a,C295
demo_0430,domain,domain_99613c0930cf,e9a4f6a10d6657ba,C295
demo_0430,handle,handle_437f7456ac86,14ed87768b3b3403,C295
demo_0431,domain,domain_c2f3c4e53716,8ad8b820061e7e60,C295
demo_0432,domain,domain_99613c0930cf,e9a4f6a10d6657ba,C295
demo_0432,handle,handle_437f7456ac86,14ed87768b3b3403,C295
demo_0432,payment,payment_9fd291f71e30,c373fd4af7e6763a,C295
demo_0436,handle,handle_152c38dca66b,c4bf8a5911610ba1,C295
demo_0438,domain,domain_ba843e91ff0d,2e0a969c689e0551,C295
demo_0438,handle,handle_35886cbded9a,d052333fc497fec9,C295
demo_0440,phone,phone_4dfc04594f57,bacc680bba81c758,C221
demo_0441,domain,domain_7c937d9b3efa,02e5b4a3c9760740,C295
demo_0441,handle,handle_152c38dca66b,c4bf8a5911610ba1,C295
demo_0442,domain,domain_75137245be36,cc78f62585ef4bd1,C295
demo_0442,handle,handle_ef114051ebae,4906663885289406,C295
demo_0445,domain,domain_d11c50e63e4f,26f2fff10c60b6ec,C295
demo_0446,domain,domain_55b951bdd4cb,b829f0e2d2908b32,C295
demo_0446,handle,handle_a311475ea8ae,d50e6577da86db99,C295
demo_0446,payment,payment_2a3c5998eae1,73c74821568f6260,C295
demo_0447,handle,handle_4b58b3d847dc,ac28896ec830584d,C295
demo_0448,domain,domain_7714561130b1,e5b8141dcb1cf849,C295
demo_0448,handle,handle_615d13ad995d,1a6269439f325b47,C295
demo_0448,phone,phone_2a0ea6da8439,7c743ae786a94e08,C295
demo_0448,payment,payment_2a3c5998eae1,73c74821568f6260,C295
demo_0449,domain,domain_5236ffbd3194,638549ef2733ab2b,C295
demo_0455,domain,domain_b105264a114a,055147514ab335c2,C295
demo_0457,domain,domain_619b20795373,2b59d4b1cd1b96c4,C295
demo_0457,handle,handle_3d1153eb01a1,0cb2739186218739,C295
demo_0457,payment,payment_2a3c5998eae1,73c74821568f6260,C295
demo_0458,domain,domain_22314773a043,a43154d94ad6e547,C295
demo_0458,domain,domain_ba843e91ff0d,2e0a969c689e0551,C295
demo_0458,handle,handle_dc2182a003b4,40e110f013fd4fd0,C295
demo_0458,handle,handle_35886cbded9a,d052333fc497fec9,C295
demo_0461,handle,handle_615d13ad995d,1a6269439f325b47,C295
demo_0461,payment,payment_292bff5f1e9d,c7c5fa4703992087,C295
demo_0462,phone,phone_4dfc04594f57,bacc680bba81c758,C221
demo_0464,domain,domain_22314773a043,a43154d94ad6e547,C295
demo_0465,handle,handle_ef114051ebae,4906663885289406,C295
demo_0465,payment,payment_2993c87b7e6d,abe1d67df9152281,C295
demo_0466,domain,domain_99613c0930cf,e9a4f6a10d6657ba,C295
demo_0467,domain,domain_99613c0930cf,e9a4f6a10d6657ba,C295
demo_0467,handle,handle_437f7456ac86,14ed87768b3b3403,C295
demo_0468,domain,domain_cb1d01eee024,d4453f1a0529cac1,C295
demo_0468,domain,domain_7714561130b1,e5b8141dcb1cf849,C295
demo_0468,handle,handle_00570065f328,48ff02664fd30300,C295
demo_0468,handle,handle_615d13ad995d,1a6269439f325b47,C295
demo_0469,domain,domain_0952fd5f98fe,0578cb591a66585a,C295
demo_0471,domain,domain_88bcbd5f2bd6,847974cae0bcedd7,C295
demo_0472,domain,domain_99613c0930cf,e9a4f6a10d6657ba,C295
demo_0472,handle,handle_437f7456ac86,14ed87768b3b3403,C295
demo_0477,domain,domain_c2f3c4e53716,8ad8b820061e7e60,C295
demo_0477,handle,handle_8070fe9b906d,2b7850a23b2640fc,C295
demo_0477,phone,phone_fb7b2eb06444,a1def57ea05d88e9,C295
demo_0478,domain,domain_b105264a114a,055147514ab335c2,C295
demo_0479,domain,domain_75137245be36,cc78f62585ef4bd1,C295
demo_0484,handle,handle_00570065f328,48ff02664fd30300,C295
demo_0485,handle,handle_91a959b096ff,fc433fb070377546,C295
demo_0488,domain,domain_672afcae779d,3389d7e8ab3e52cd,C295
demo_0488,handle,handle_7f0fbfb80438,a9dd2237e4853237,C295
demo_0489,domain,domain_94afa04994aa,641fc7bf8b87fec7,C295
demo_0489,handle,handle_d371034571ad,fded7058eae61e5b,C295
demo_0492,domain,domain_0952fd5f98fe,0578cb591a66585a,C295
demo_0494,domain,domain_7714561130b1,e5b8141dcb1cf849,C295
demo_0497,domain,domain_55b951bdd4cb,b829f0e2d2908b32,C295
demo_0497,handle,handle_a311475ea8ae,d50e6577da86db99,C295
demo_0498,handle,handle_3d56a3f81f55,5f2bf27637a45190,C295
demo_0498,payment,payment_1f4b421b4352,c5a9628ff7794383,C295
demo_0499,domain,domain_75137245be36,cc78f62585ef4bd1,C295
demo_0499,handle,handle_ef114051ebae,4906663885289406,C295
demo_0500,domain,domain_7c937d9b3efa,02e5b4a3c9760740,C295
demo_0500,handle,handle_152c38dca66b,c4bf8a5911610ba1,C295
demo_0501,handle,handle_91a959b096ff,fc433fb070377546,C295
demo_0502,domain,domain_5236ffbd3194,638549ef2733ab2b,C295
demo_0502,handle,handle_3d56a3f81f55,5f2bf27637a45190,C295
demo_0504,domain,domain_88bcbd5f2bd6,847974cae0bcedd7,C295
demo_0504,handle,handle_e42a964c4546,b1a2cba0056b6f18,C295
demo_0504,phone,phone_b33bc04812bf,6f1c875931824aab,C295
demo_0508,domain,domain_7c937d9b3efa,02e5b4a3c9760740,C295
demo_0508,domain,domain_672afcae779d,3389d7e8ab3e52cd,C295
demo_0508,handle,handle_7f0fbfb80438,a9dd2237e4853237,C295
demo_0509,handle,handle_35886cbded9a,d052333fc497fec9,C295
demo_0510,domain,domain_0952fd5f98fe,0578cb591a66585a,C295
demo_0511,phone,phone_7d0b3cc70ced,3e80f31f7286349f,C243
demo_0515,domain,domain_7c937d9b3efa,02e5b4a3c9760740,C295
demo_0516,handle,handle_c9429f2524f6,cb6170f5af163089,C295
demo_0516,payment,payment_204bf74f3466,ff9fbdd0259413fb,C295
demo_0517,domain,domain_cb1d01eee024,d4453f1a0529cac1,C295
demo_0517,handle,handle_00570065f328,48ff02664fd30300,C295
demo_0517,payment,payment_2a3c5998eae1,73c74821568f6260,C295
demo_0519,phone,phone_c37a40042b30,f51270681313bbe0,C269
demo_0520,domain,domain_88bcbd5f2bd6,847974cae0bcedd7,C295
demo_0520,handle,handle_b198dfd343e5,61e4fb19b3fcd38e,C295
demo_0520,handle,handle_e42a964c4546,b1a2cba0056b6f18,C295
demo_0520,payment,payment_f7166a6ad768,6e191e52356b45eb,C295
demo_0524,domain,domain_b105264a114a,055147514ab335c2,C295
demo_0528,domain,domain_7714561130b1,e5b8141dcb1cf849,C295
demo_0528,handle,handle_615d13ad995d,1a6269439f325b47,C295
demo_0531,phone,phone_b33bc04812bf,6f1c875931824aab,C295
demo_0532,domain,domain_eee1960b80db,ec51eb4b41decc46,C295
demo_0532,handle,handle_71a64d7753e2,6d177b48044d77bf,C295
demo_0532,payment,payment_2a3c5998eae1,73c74821568f6260,C295
demo_0536,domain,domain_75137245be36,cc78f62585ef4bd1,C295
demo_0542,domain,domain_99613c0930cf,e9a4f6a10d6657ba,C295
demo_0542,handle,handle_437f7456ac86,14ed87768b3b3403,C295
demo_0543,phone,phone_83b54748b13d,1bc336c061d4ff76,C295
demo_0543,payment,payment_2a3c5998eae1,73c74821568f6260,C295
demo_0548,domain,domain_eee1960b80db,ec51eb4b41decc46,C295
demo_0548,handle,handle_7f0fbfb80438,a9dd2237e4853237,C295
demo_0548,handle,handle_71a64d7753e2,6d177b48044d77bf,C295
demo_0548,payment,payment_47e127e27b40,9276a0bca6df82f8,C295
demo_0549,domain,domain_619b20795373,2b59d4b1cd1b96c4,C295
demo_0549,handle,handle_3d1153eb01a1,0cb2739186218739,C295
demo_0549,phone,phone_b33bc04812bf,6f1c875931824aab,C295
demo_0549,payment,payment_2a3c5998eae1,73c74821568f6260,C295
demo_0551,handle,handle_e42a964c4546,b1a2cba0056b6f18,C295
demo_0552,handle,handle_7f0fbfb80438,a9dd2237e4853237,C295
demo_0552,payment,payment_47e127e27b40,9276a0bca6df82f8,C295
demo_0553,phone,phone_c37a40042b30,f51270681313bbe0,C269
demo_0554,domain,domain_7c937d9b3efa,02e5b4a3c9760740,C295
demo_0555,handle,handle_91a959b096ff,fc433fb070377546,C295
demo_0556,handle,handle_8070fe9b906d,2b7850a23b2640fc,C295
demo_0557,domain,domain_7d44ced2cb16,919fe1c405412444,C295
demo_0558,domain,domain_5236ffbd3194,638549ef2733ab2b,C295
demo_0558,handle,handle_3d56a3f81f55,5f2bf27637a45190,C295
demo_0558,payment,payment_2a3c5998eae1,73c74821568f6260,C295
demo_0559,domain,domain_d11c50e63e4f,26f2fff10c60b6ec,C295
demo_0560,handle,handle_437f7456ac86,14ed87768b3b3403,C295
demo_0560,payment,payment_7013ec24ce15,215b42f0da07aaf5,C295
demo_0562,handle,handle_d371034571ad,fded7058eae61e5b,C295
demo_0565,handle,handle_437f7456ac86,14ed87768b3b3403,C295
demo_0566,domain,domain_c2f3c4e53716,8ad8b820061e7e60,C295
demo_0566,handle,handle_a311475ea8ae,d50e6577da86db99,C295
demo_0566,handle,handle_8070fe9b906d,2b7850a23b2640fc,C295
demo_0566,payment,payment_f6871c1e120a,bf230f468079a47f,C295
demo_0567,domain,domain_94afa04994aa,641fc7bf8b87fec7,C295
demo_0571,domain,domain_672afcae779d,3389d7e8ab3e52cd,C295
demo_0571,handle,handle_7f0fbfb80438,a9dd2237e4853237,C295
demo_0574,domain,domain_cb1d01eee024,d4453f1a0529cac1,C295
demo_0574,domain,domain_75137245be36,cc78f62585ef4bd1,C295
demo_0574,handle,handle_ef114051ebae,4906663885289406,C295
demo_0575,domain,domain_cb1d01eee024,d4453f1a0529cac1,C295
demo_0576,domain,domain_b105264a114a,055147514ab335c2,C295
demo_0576,domain,domain_672afcae779d,3389d7e8ab3e52cd,C295
demo_0576,handle,handle_91a959b096ff,fc433fb070377546,C295
demo_0576,handle,handle_7f0fbfb80438,a9dd2237e4853237,C295
demo_0576,payment,payment_384279a64bc8,5f81d9ec8fd1d778,C295
demo_0577,phone,phone_b4fb838c1acc,5e44727a28a14180,C295
demo_0578,domain,domain_0952fd5f98fe,0578cb591a66585a,C295
demo_0578,handle,handle_4b58b3d847dc,ac28896ec830584d,C295
demo_0580,handle,handle_91a959b096ff,fc433fb070377546,C295
demo_0581,domain,domain_7c937d9b3efa,02e5b4a3c9760740,C295
demo_0584,domain,domain_0952fd5f98fe,0578cb591a66585a,C295
demo_0584,handle,handle_4b58b3d847dc,ac28896ec830584d,C295
demo_0585,domain,domain_22314773a043,a43154d94ad6e547,C295
demo_0587,domain,domain_22314773a043,a43154d94ad6e547,C295
demo_0587,handle,handle_3d56a3f81f55,5f2bf27637a45190,C295
demo_0587,handle,handle_dc2182a003b4,40e110f013fd4fd0,C295
demo_0587,payment,payment_1f4b421b4352,c5a9628ff7794383,C295
demo_0588,domain,domain_7d44ced2cb16,919fe1c405412444,C295
demo_0588,domain,domain_7714561130b1,e5b8141dcb1cf849,C295
demo_0588,handle,handle_f8622e7e1bf8,6f768de2d51e674e,C295
demo_0588,handle,handle_615d13ad995d,1a6269439f325b47,C295
demo_0588,payment,payment_2a3c5998eae1,73c74821568f6260,C295
demo_0589,domain,domain_55b951bdd4cb,b829f0e2d2908b32,C295
demo_0595,domain,domain_eee1960b80db,ec51eb4b41decc46,C295
demo_0595,handle,handle_437f7456ac86,14ed87768b3b3403,C295
demo_0595,handle,handle_71a64d7753e2,6d177b48044d77bf,C295
demo_0595,payment,payment_7013ec24ce15,215b42f0da07aaf5,C295
demo_0597,domain,domain_7d44ced2cb16,919fe1c405412444,C295
demo_0597,domain,domain_ba843e91ff0d,2e0a969c689e0551,C295
demo_0597,handle,handle_f8622e7e1bf8,6f768de2d51e674e,C295
demo_0597,handle,handle_35886cbded9a,d052333fc497fec9,C295
demo_0598,domain,domain_619b20795373,2b59d4b1cd1b96c4,C295
demo_0598,handle,handle_3d1153eb01a1,0cb2739186218739,C295
demo_0600,domain,domain_d11c50e63e4f,26f2fff10c60b6ec,C295
demo_0600,handle,handle_c9429f2524f6,cb6170f5af163089,C295
demo_0600,phone,phone_2a0ea6da8439,7c743ae786a94e08,C295
demo_0601,domain,domain_ba843e91ff0d,2e0a969c689e0551,C295
demo_0601,handle,handle_35886cbded9a,d052333fc497fec9,C295
demo_0602,domain,domain_b105264a114a,055147514ab335c2,C295
demo_0602,domain,domain_5236ffbd3194,638549ef2733ab2b,C295
demo_0602,handle,handle_3d56a3f81f55,5f2bf27637a45190,C295
demo_0603,domain,domain_88bcbd5f2bd6,847974cae0bcedd7,C295
demo_0603,handle,handle_e42a964c4546,b1a2cba0056b6f18,C295
demo_0603,payment,payment_9fd291f71e30,c373fd4af7e6763a,C295
demo_0604,domain,domain_d11c50e63e4f,26f2fff10c60b6ec,C295
demo_0604,handle,handle_c9429f2524f6,cb6170f5af163089,C295
demo_0605,domain,domain_0836d5326ce9,cb6f0ab2b9feef86,C295
demo_0605,handle,handle_07903f01d0be,e681e9a39eee447c,C295
demo_0606,handle,handle_3d56a3f81f55,5f2bf27637a45190,C295
demo_0607,handle,handle_437f7456ac86,14ed87768b3b3403,C295
demo_0607,payment,payment_7013ec24ce15,215b42f0da07aaf5,C295
demo_0611,phone,phone_1e4bc9171073,a4efe988ddc22ef3,C295
demo_0611,payment,payment_2a3c5998eae1,73c74821568f6260,C295
demo_0613,domain,domain_473d7ffa3698,9ac169be7d7bebee,C295
demo_0615,domain,domain_5236ffbd3194,638549ef2733ab2b,C295
demo_0616,domain,domain_88bcbd5f2bd6,847974cae0bcedd7,C295
demo_0616,handle,handle_e42a964c4546,b1a2cba0056b6f18,C295
demo_0617,domain,domain_473d7ffa3698,9ac169be7d7bebee,C295
demo_0619,domain,domain_cb1d01eee024,d4453f1a0529cac1,C295
demo_0619,handle,handle_00570065f328,48ff02664fd30300,C295
demo_0619,phone,phone_79233317752e,74dd85b1e664000b,C295
